employee_id,age,years_experience,education_level,job_role,industry,city_type,gender,performance_rating,certifications_count,working_hours_per_week,remote_work,salary
1,59,33,High School,Data Analyst,Manufacturing,Tier-3,Male,1.1,6,48,1,6818944
2,49,26,Bachelor,Manager,Healthcare,Metro,Male,2.4,4,38,0,18329412
3,35,16,Bachelor,HR,Healthcare,Metro,Male,2.3,2,38,1,7106667
4,28,23,Master,Data Analyst,Education,Metro,Male,2.6,6,55,1,12402825
5,41,24,Bachelor,HR,Healthcare,Tier-3,Male,1.6,8,49,1,6316272
6,59,6,High School,Manager,Healthcare,Tier-2,Male,4.0,1,42,0,3743306
7,39,5,Master,HR,Finance,Tier-2,Male,4.4,7,60,0,4953225
8,43,23,PhD,Sales Executive,IT,Tier-2,Male,4.8,8,38,0,17772456
9,31,32,Master,Sales Executive,Education,Metro,Female,3.0,2,50,1,14844480
10,31,28,High School,HR,Education,Tier-3,Female,3.8,1,55,1,4479354
11,44,21,Master,Data Analyst,Education,Metro,Female,4.4,6,62,1,12551987
12,56,25,Master,Data Analyst,Finance,Tier-2,Male,2.7,4,38,1,14044428
13,44,27,High School,Data Analyst,Healthcare,Tier-2,Male,2.2,4,64,0,8548216
14,23,20,Master,HR,IT,Tier-3,Female,4.7,9,50,0,8965265
15,42,6,High School,Data Analyst,Manufacturing,Metro,Male,3.1,4,56,0,3372666
16,22,16,High School,Manager,Healthcare,Tier-2,Female,3.0,3,46,1,7756561
17,44,19,PhD,Sales Executive,Finance,Tier-3,Male,1.7,4,50,1,9576060
18,50,19,Bachelor,Manager,Healthcare,Metro,Female,1.4,3,53,0,13871114
19,58,21,Bachelor,Data Analyst,Healthcare,Metro,Female,4.4,5,42,1,11324419
20,22,27,Master,Manager,Finance,Tier-2,Female,3.5,3,40,0,21661125
21,41,6,Master,Data Analyst,Education,Tier-2,Male,2.3,1,44,1,3447985
22,53,0,PhD,HR,Education,Metro,Female,1.8,8,39,1,2094943
23,32,31,PhD,Manager,IT,Metro,Male,3.2,1,63,0,41410046
24,42,12,PhD,HR,IT,Tier-2,Male,3.3,8,52,0,9790187
25,45,29,High School,HR,Education,Metro,Male,1.8,9,44,1,8295330
26,47,22,PhD,Software Engineer,Manufacturing,Tier-2,Male,4.4,5,44,0,15508403
27,48,18,PhD,Data Analyst,Healthcare,Metro,Male,1.3,8,41,0,14717363
28,36,31,Master,Sales Executive,Manufacturing,Tier-2,Male,2.4,8,52,1,13049197
29,35,29,PhD,Data Analyst,Healthcare,Tier-3,Male,3.7,2,35,1,12847898
30,23,28,High School,Sales Executive,Education,Tier-2,Female,2.1,0,41,1,6698765
31,57,28,High School,Data Analyst,IT,Tier-2,Female,4.3,0,55,0,10686387
32,27,29,Master,HR,IT,Tier-3,Female,4.0,2,35,1,11016000
33,41,15,PhD,Manager,Manufacturing,Metro,Male,4.2,4,49,1,17925720
34,29,18,PhD,Manager,IT,Tier-3,Male,1.5,2,38,1,14690268
35,59,17,High School,Software Engineer,Education,Tier-2,Male,1.6,8,62,1,5652478
36,38,0,PhD,Sales Executive,Manufacturing,Metro,Male,2.1,8,63,1,3388226
37,24,13,PhD,Sales Executive,Healthcare,Tier-3,Female,3.1,2,54,0,6635825
38,45,1,PhD,Sales Executive,IT,Metro,Male,4.0,2,44,1,4268942
39,34,27,Bachelor,HR,Finance,Metro,Female,4.3,4,57,1,13830121
40,29,29,Master,Sales Executive,IT,Tier-3,Male,3.8,1,43,0,12196315
41,46,3,Bachelor,Manager,Healthcare,Metro,Female,4.7,5,36,1,4870978
42,22,0,Master,HR,Manufacturing,Tier-3,Male,4.0,6,62,1,1594989
43,40,7,High School,Data Analyst,Healthcare,Tier-2,Female,2.2,8,48,0,2965279
44,48,28,PhD,Sales Executive,Finance,Metro,Male,2.1,5,50,1,22761066
45,27,2,Master,Sales Executive,Education,Tier-2,Female,3.8,2,35,0,2066543
46,28,31,Bachelor,Data Analyst,IT,Tier-2,Male,1.8,4,36,1,14427056
47,55,9,PhD,Sales Executive,Manufacturing,Metro,Female,1.4,3,41,0,6806120
48,34,9,High School,Data Analyst,Education,Tier-3,Female,3.1,4,63,0,2251226
49,37,18,Master,HR,Healthcare,Metro,Male,4.3,7,44,1,11197642
50,56,33,Master,Manager,Manufacturing,Tier-2,Female,1.4,7,56,0,21140535
51,24,32,Master,Data Analyst,Education,Tier-2,Male,4.2,5,54,0,13341222
52,22,22,PhD,Software Engineer,Manufacturing,Tier-3,Male,4.2,0,35,1,11127173
53,26,27,Bachelor,Data Analyst,Finance,Metro,Male,2.9,7,47,1,15836870
54,24,31,Bachelor,Sales Executive,Finance,Tier-2,Female,1.2,7,35,0,12692350
55,49,6,Master,HR,IT,Tier-2,Female,1.7,1,39,1,3957075
56,38,28,High School,HR,IT,Tier-2,Male,3.8,3,50,0,9091693
57,46,7,High School,Data Analyst,Finance,Tier-3,Male,3.8,1,49,0,2820037
58,54,0,Bachelor,Manager,Manufacturing,Tier-2,Female,4.6,3,51,1,2632194
59,30,2,High School,Software Engineer,Finance,Tier-2,Female,3.3,9,62,1,2920837
60,56,23,Bachelor,HR,IT,Metro,Female,1.5,6,57,0,12215671
61,34,22,Master,Sales Executive,Finance,Metro,Male,1.5,8,50,1,14888760
62,51,7,Bachelor,Sales Executive,Finance,Tier-2,Male,3.9,7,47,1,4505396
63,35,2,Bachelor,Manager,Manufacturing,Tier-2,Male,1.7,8,45,0,3000777
64,28,32,Master,HR,Education,Metro,Male,2.3,7,51,0,13930772
65,34,27,High School,Data Analyst,IT,Tier-3,Male,2.9,1,51,0,7524197
66,43,7,Bachelor,Sales Executive,Manufacturing,Tier-3,Female,1.1,6,36,0,2501616
67,41,33,Bachelor,Manager,Finance,Tier-3,Male,2.0,1,47,0,15553694
68,36,34,Master,HR,Finance,Tier-3,Female,2.6,1,48,0,11796534
69,38,31,High School,HR,Education,Tier-3,Female,2.1,3,45,1,4962281
70,44,23,Bachelor,HR,IT,Tier-3,Male,1.5,0,62,0,7447997
71,46,13,Master,HR,IT,Tier-3,Female,3.9,4,44,1,6138555
72,45,31,Bachelor,HR,Healthcare,Tier-3,Male,4.3,5,37,1,7934253
73,49,15,PhD,Sales Executive,IT,Metro,Female,2.0,8,63,0,15230097
74,35,3,Master,Manager,Education,Tier-3,Male,4.1,9,61,1,3917704
75,21,20,High School,HR,Healthcare,Tier-3,Male,2.5,7,51,0,4378518
76,45,13,High School,Software Engineer,Healthcare,Tier-3,Female,3.0,1,49,1,3780292
77,27,30,High School,Software Engineer,Finance,Tier-2,Male,4.4,0,43,0,12044640
78,29,17,High School,Manager,Finance,Metro,Female,4.0,1,44,0,11667964
79,44,6,Bachelor,Data Analyst,IT,Metro,Male,4.2,6,42,0,6157483
80,21,9,Bachelor,Data Analyst,Healthcare,Metro,Male,1.5,3,55,0,5127776
81,28,6,High School,Data Analyst,Finance,Tier-3,Male,1.3,9,47,1,2393492
82,44,32,High School,Software Engineer,Education,Tier-3,Female,4.6,4,61,1,7452397
83,31,22,High School,Data Analyst,Finance,Tier-2,Female,2.6,6,52,1,8115449
84,37,20,Bachelor,Sales Executive,Finance,Metro,Male,2.2,2,39,1,10734731
85,28,18,High School,HR,Healthcare,Tier-3,Female,3.9,9,40,1,3953995
86,55,18,High School,Software Engineer,Healthcare,Metro,Male,4.3,1,64,0,8942946
87,55,28,PhD,Manager,Manufacturing,Tier-2,Female,4.4,6,51,0,23681441
88,53,17,PhD,Manager,Education,Tier-2,Female,2.3,4,45,0,13317833
89,25,1,High School,HR,Healthcare,Tier-2,Male,4.4,0,54,0,1588906
90,59,0,Master,Software Engineer,IT,Metro,Male,1.2,0,50,0,2265163
91,48,4,High School,Data Analyst,Education,Tier-3,Male,1.2,8,43,1,1282789
92,27,19,PhD,Data Analyst,Education,Tier-3,Male,3.5,4,36,0,7947148
93,29,10,Master,Sales Executive,Healthcare,Tier-2,Male,1.3,0,39,0,4944567
94,28,1,Master,Sales Executive,Education,Tier-3,Female,2.3,6,35,1,1391581
95,32,2,High School,Data Analyst,Healthcare,Tier-2,Female,3.7,8,38,1,1768245
96,54,22,PhD,Manager,Finance,Metro,Male,2.3,0,38,0,27276990
97,53,11,PhD,Manager,Manufacturing,Tier-2,Male,1.7,9,56,0,11209905
98,43,19,Master,Sales Executive,Finance,Metro,Male,2.1,3,60,1,13157965
99,44,4,High School,HR,Healthcare,Tier-2,Female,2.8,2,59,0,2359410
100,57,29,Bachelor,Data Analyst,Healthcare,Tier-3,Male,2.9,4,37,0,8556492
101,55,8,Bachelor,Sales Executive,Finance,Tier-3,Male,4.1,6,43,0,3713371
102,42,33,PhD,Sales Executive,IT,Tier-2,Female,4.0,7,56,1,23306325
103,47,34,Bachelor,Data Analyst,IT,Tier-3,Female,2.8,1,57,0,12300835
104,55,21,PhD,Data Analyst,IT,Tier-3,Female,4.4,6,46,0,12910282
105,21,23,PhD,Manager,Healthcare,Tier-3,Female,1.5,0,44,1,14357484
106,55,16,PhD,HR,Education,Metro,Male,2.0,6,36,1,9493897
107,57,9,Bachelor,HR,Healthcare,Tier-3,Female,4.3,7,45,1,3541626
108,34,29,PhD,Data Analyst,Education,Metro,Female,2.5,1,44,0,18249485
109,23,22,Master,Software Engineer,Finance,Tier-2,Male,4.9,8,64,1,16343940
110,21,31,High School,Sales Executive,Manufacturing,Tier-3,Male,2.9,0,56,0,5987971
111,25,16,High School,Sales Executive,Education,Tier-3,Male,4.2,5,40,1,3231689
112,46,16,PhD,Data Analyst,IT,Tier-3,Female,2.6,0,52,0,9649364
113,34,13,High School,Software Engineer,Healthcare,Tier-2,Male,2.7,2,36,1,5017976
114,59,8,Bachelor,Manager,Finance,Metro,Female,2.5,5,64,0,9534565
115,47,1,Bachelor,Data Analyst,IT,Metro,Female,3.9,2,36,0,3036692
116,29,24,High School,Data Analyst,Finance,Tier-3,Female,3.2,7,44,1,6747686
117,35,8,Bachelor,Sales Executive,Manufacturing,Tier-2,Male,4.8,4,50,1,4068166
118,35,21,High School,Data Analyst,Healthcare,Tier-2,Female,2.0,1,46,0,6521313
119,46,3,High School,Data Analyst,Healthcare,Tier-2,Male,1.4,3,35,1,1563052
120,33,25,High School,Data Analyst,Manufacturing,Tier-2,Male,2.6,8,55,0,7262640
121,52,28,PhD,Sales Executive,Healthcare,Tier-2,Male,3.5,3,42,1,15859306
122,59,33,High School,Manager,Education,Metro,Female,4.4,9,50,1,15809779
123,52,22,PhD,Manager,Finance,Metro,Female,2.4,9,52,0,29989532
124,24,10,High School,Data Analyst,IT,Metro,Female,3.6,7,47,1,6349750
125,50,5,High School,Sales Executive,Manufacturing,Tier-3,Male,2.4,4,49,1,1414968
126,57,17,High School,Manager,Education,Tier-2,Female,3.5,9,55,0,7453311
127,43,20,Bachelor,Manager,IT,Tier-3,Female,4.5,0,46,0,11211578
128,59,33,PhD,Manager,IT,Tier-2,Female,1.9,6,42,1,34372835
129,35,16,PhD,Sales Executive,Manufacturing,Metro,Female,2.6,2,44,0,11360620
130,49,24,High School,Sales Executive,Education,Tier-3,Female,5.0,9,48,1,4972653
131,56,11,High School,Data Analyst,IT,Metro,Male,4.5,7,39,1,6798868
132,33,22,Bachelor,HR,IT,Tier-2,Male,3.3,2,52,0,9534151
133,52,21,Bachelor,Manager,Education,Tier-2,Male,3.1,0,53,0,10253226
134,27,20,Bachelor,HR,Healthcare,Tier-2,Male,2.1,4,49,0,7193899
135,42,26,PhD,Sales Executive,IT,Metro,Female,3.1,1,40,0,22637643
136,48,30,PhD,Sales Executive,Finance,Tier-2,Male,4.4,3,61,0,20226497
137,22,5,PhD,Sales Executive,Education,Metro,Female,3.7,0,45,0,4772875
138,26,26,High School,HR,IT,Tier-3,Male,2.2,8,55,1,6736305
139,48,33,PhD,Sales Executive,Manufacturing,Tier-2,Male,1.8,5,45,1,16751609
140,48,11,Master,Data Analyst,Finance,Tier-2,Male,2.1,7,54,0,7859291
141,40,6,Master,Sales Executive,IT,Tier-2,Female,1.7,3,54,1,4617676
142,50,9,Bachelor,Software Engineer,Finance,Tier-3,Female,1.4,8,55,1,4782745
143,31,16,PhD,HR,Finance,Tier-2,Male,2.7,1,52,1,10319349
144,48,25,Master,Software Engineer,Healthcare,Metro,Female,1.5,8,59,1,17875976
145,45,20,Bachelor,Sales Executive,Finance,Metro,Male,1.7,4,52,0,10960024
146,59,27,PhD,Data Analyst,Healthcare,Tier-2,Male,3.2,5,44,1,16689619
147,53,1,High School,Manager,Education,Tier-2,Male,1.7,2,36,1,1249800
148,21,0,Master,Sales Executive,Healthcare,Tier-3,Female,1.3,3,60,0,949547
149,47,25,High School,Data Analyst,Manufacturing,Tier-3,Male,2.3,5,64,0,5630870
150,33,28,PhD,HR,IT,Tier-3,Male,1.9,6,43,0,13568064
151,23,20,Master,Software Engineer,Education,Tier-2,Male,3.1,0,48,0,9467028
152,59,10,PhD,Software Engineer,Education,Tier-3,Female,1.4,6,53,1,5617904
153,26,10,High School,Software Engineer,Manufacturing,Tier-3,Male,4.0,0,44,0,2885140
154,28,34,Master,HR,Healthcare,Metro,Female,4.6,4,57,1,18223298
155,47,33,High School,Data Analyst,IT,Tier-3,Male,4.0,5,38,1,9253253
156,29,23,PhD,HR,Healthcare,Metro,Female,3.1,1,63,0,15672956
157,57,21,PhD,Software Engineer,Finance,Metro,Male,4.4,9,63,0,24538635
158,53,4,High School,Sales Executive,Healthcare,Tier-3,Male,3.8,8,40,0,1982683
159,44,32,Master,Manager,Education,Metro,Female,1.0,9,48,0,22966861
160,35,19,High School,HR,IT,Tier-2,Female,2.6,5,38,0,6549288
161,52,18,PhD,HR,Healthcare,Tier-2,Male,4.4,6,60,0,11254927
162,52,34,High School,Data Analyst,IT,Tier-3,Female,2.4,9,49,1,9667323
163,44,16,PhD,Data Analyst,IT,Tier-2,Male,1.1,7,50,1,13428512
164,32,33,High School,HR,Finance,Metro,Male,4.0,9,41,1,12637657
165,59,8,Master,Software Engineer,Finance,Tier-2,Male,4.2,0,51,1,7290603
166,22,25,Master,Manager,Education,Tier-3,Female,1.6,7,53,0,11287510
167,23,1,High School,Data Analyst,Manufacturing,Tier-3,Male,3.1,3,63,0,1331106
168,57,8,High School,Software Engineer,IT,Metro,Female,1.8,9,53,1,6119806
169,37,8,Master,Sales Executive,Manufacturing,Tier-3,Male,3.9,7,51,1,3765191
170,22,16,PhD,Data Analyst,Education,Tier-2,Female,2.1,5,40,1,9114358
171,22,0,Master,Software Engineer,IT,Tier-3,Female,2.3,8,63,0,2503059
172,48,24,PhD,Software Engineer,IT,Metro,Male,4.4,3,45,0,26913851
173,43,24,High School,Manager,Manufacturing,Tier-3,Female,2.9,1,50,0,7238392
174,57,34,High School,Manager,Healthcare,Tier-2,Male,3.7,1,64,1,14822374
175,52,2,PhD,Sales Executive,Finance,Metro,Male,2.6,4,59,1,5140355
176,53,29,High School,Software Engineer,Healthcare,Tier-2,Male,2.2,9,42,0,10227805
177,21,33,PhD,Software Engineer,Manufacturing,Metro,Male,3.5,8,45,0,27068129
178,39,11,Bachelor,Manager,Finance,Tier-3,Male,1.6,2,41,1,5773803
179,22,18,Master,Data Analyst,Healthcare,Metro,Female,2.5,7,60,1,12316790
180,46,16,Bachelor,Data Analyst,Finance,Metro,Male,1.8,3,58,0,9903468
181,52,9,PhD,HR,IT,Tier-3,Female,3.8,5,56,1,6165600
182,26,11,Master,Manager,Healthcare,Tier-2,Female,4.8,9,59,0,11114822
183,52,15,PhD,HR,Finance,Tier-3,Male,5.0,5,53,0,8495236
184,24,23,Master,Manager,Finance,Metro,Female,2.8,2,60,1,23938078
185,31,18,Master,Sales Executive,Finance,Tier-3,Male,2.0,4,44,1,7433974
186,37,7,Master,Software Engineer,Healthcare,Metro,Female,2.8,2,43,1,6627599
187,58,30,Master,Sales Executive,Education,Tier-3,Female,4.4,0,38,0,8390322
188,44,20,PhD,Manager,Healthcare,Tier-3,Female,1.8,6,57,1,13924669
189,25,16,Master,Software Engineer,Manufacturing,Tier-2,Male,4.8,3,49,1,9651564
190,54,22,Master,Data Analyst,Healthcare,Metro,Female,2.4,6,47,0,14027093
191,26,15,Bachelor,Data Analyst,Finance,Tier-2,Male,4.9,2,59,0,8315975
192,42,5,High School,HR,IT,Metro,Female,4.4,4,36,1,3559511
193,31,7,High School,Manager,Healthcare,Tier-3,Female,4.2,4,36,0,3342195
194,36,24,Bachelor,Manager,Healthcare,Metro,Female,2.3,1,50,0,17119637
195,53,17,Bachelor,Data Analyst,Finance,Tier-2,Female,1.0,9,43,0,8211137
196,29,24,PhD,Sales Executive,IT,Tier-2,Male,2.5,1,62,1,16939534
197,26,11,PhD,Software Engineer,IT,Tier-2,Male,2.2,3,47,1,11513058
198,36,14,PhD,Sales Executive,Manufacturing,Metro,Female,1.1,3,37,0,9335341
199,49,25,Bachelor,Sales Executive,Healthcare,Tier-2,Female,3.0,3,43,0,9103428
200,23,25,Bachelor,Data Analyst,IT,Tier-2,Male,2.6,5,47,0,12578190
201,40,31,Master,Data Analyst,IT,Tier-2,Male,3.5,1,55,1,18181872
202,56,9,PhD,Data Analyst,Education,Tier-3,Male,3.5,5,56,0,4857288
203,39,15,PhD,HR,Education,Tier-3,Male,1.5,6,36,0,5667873
204,46,6,PhD,Sales Executive,IT,Metro,Female,4.9,9,42,1,9421539
205,23,16,High School,Manager,Manufacturing,Metro,Female,1.7,2,61,0,8382305
206,39,22,Master,Software Engineer,IT,Tier-2,Male,2.8,7,43,1,15769183
207,40,25,PhD,HR,Finance,Tier-3,Male,3.0,1,50,1,11523353
208,52,20,PhD,Manager,Healthcare,Tier-2,Male,4.3,7,36,1,19506476
209,27,21,PhD,Sales Executive,Manufacturing,Tier-2,Male,1.4,4,40,0,10900519
210,53,6,High School,Data Analyst,Finance,Tier-3,Male,2.7,1,56,0,2447971
211,59,13,High School,Sales Executive,Manufacturing,Tier-3,Male,3.5,6,42,1,3297338
212,38,14,Bachelor,Software Engineer,Finance,Tier-3,Female,1.9,1,60,0,6324957
213,21,6,Master,HR,Healthcare,Metro,Female,3.5,5,62,1,5335689
214,31,8,Bachelor,HR,Healthcare,Metro,Female,4.7,9,39,0,4996531
215,48,7,Master,Software Engineer,Education,Tier-2,Male,5.0,2,43,1,4962564
216,45,22,High School,Manager,Finance,Metro,Male,1.1,8,35,1,13899479
217,43,28,PhD,Manager,Education,Tier-3,Male,1.9,2,43,0,14918079
218,51,17,Bachelor,HR,Finance,Tier-3,Female,2.2,2,44,0,5207337
219,50,30,PhD,HR,Education,Metro,Male,2.6,4,57,0,16772114
220,55,29,Bachelor,Data Analyst,Healthcare,Tier-2,Male,2.0,6,38,0,11491180
221,27,34,High School,Manager,Manufacturing,Tier-2,Female,1.8,7,37,1,13176168
222,36,17,High School,Software Engineer,Education,Metro,Male,4.8,6,64,1,7804932
223,46,16,High School,Manager,Finance,Tier-2,Female,4.7,8,44,0,9831249
224,22,13,Bachelor,Data Analyst,Finance,Tier-2,Female,1.2,4,49,0,6564951
225,21,30,Master,HR,Healthcare,Tier-2,Male,2.4,9,45,1,12841620
226,32,23,Bachelor,HR,Finance,Tier-3,Female,2.6,2,48,0,6872185
227,25,34,Master,Data Analyst,IT,Tier-3,Male,2.0,5,40,0,15033535
228,57,33,Bachelor,Software Engineer,Manufacturing,Metro,Female,3.5,4,46,0,16894318
229,52,2,Bachelor,HR,Education,Tier-3,Male,3.6,3,47,0,1216931
230,29,25,High School,Sales Executive,Manufacturing,Tier-2,Female,4.4,1,51,1,6780126
231,55,22,PhD,HR,Healthcare,Tier-3,Male,4.0,6,50,1,9500797
232,39,14,PhD,Sales Executive,Education,Metro,Female,3.2,4,37,0,9718284
233,36,3,Master,Data Analyst,Education,Tier-3,Female,3.6,3,36,1,1998833
234,23,28,PhD,Data Analyst,IT,Tier-2,Female,2.1,7,45,0,20903593
235,40,21,Bachelor,HR,Healthcare,Tier-2,Male,3.4,8,63,0,8174292
236,44,24,Bachelor,Manager,Finance,Metro,Male,3.0,8,43,0,20792993
237,53,12,High School,Sales Executive,IT,Tier-3,Female,1.5,2,37,1,3068961
238,44,17,High School,Software Engineer,IT,Tier-3,Male,2.0,2,63,1,5909189
239,31,32,PhD,HR,Manufacturing,Tier-3,Female,2.2,4,52,1,11104070
240,28,15,Master,Software Engineer,Manufacturing,Tier-2,Male,4.7,4,54,1,9285876
241,56,1,PhD,HR,Manufacturing,Metro,Female,1.9,9,49,1,3070018
242,58,34,PhD,Manager,IT,Tier-3,Male,2.2,1,48,0,26162349
243,40,33,PhD,Manager,Finance,Tier-2,Female,2.5,0,36,0,31265524
244,55,29,PhD,Manager,Education,Tier-2,Female,3.7,7,51,1,22014841
245,45,12,Bachelor,Manager,Manufacturing,Tier-2,Female,1.5,2,56,1,7208169
246,55,12,Master,Data Analyst,Finance,Tier-3,Female,4.8,0,60,1,6207905
247,45,17,Bachelor,Data Analyst,Healthcare,Tier-3,Male,4.5,0,42,0,5607251
248,49,31,Master,Sales Executive,Manufacturing,Tier-3,Female,3.3,1,44,1,9377923
249,38,31,High School,Software Engineer,Education,Tier-3,Male,3.7,5,60,0,6979692
250,38,34,PhD,HR,Healthcare,Tier-3,Male,1.1,5,52,0,12860464
251,22,28,Bachelor,HR,Healthcare,Tier-3,Female,2.4,2,64,1,7236651
252,55,28,Master,Data Analyst,Education,Tier-3,Male,4.2,3,59,0,9217306
253,36,15,High School,HR,Manufacturing,Tier-3,Male,1.3,1,63,0,2895885
254,56,9,High School,Data Analyst,IT,Tier-3,Male,2.1,1,53,1,3146575
255,53,29,PhD,Sales Executive,Education,Tier-2,Female,3.3,6,42,0,14019267
256,24,24,Master,Software Engineer,Education,Tier-3,Male,2.0,0,62,1,8517538
257,53,19,Bachelor,Sales Executive,Education,Metro,Male,4.7,6,42,0,8476038
258,34,4,PhD,Manager,Healthcare,Tier-2,Female,1.5,0,37,1,4883653
259,41,0,Bachelor,Manager,Finance,Tier-3,Female,4.2,5,37,1,1996897
260,40,29,High School,Manager,IT,Metro,Male,3.0,2,46,0,19249720
261,28,2,Bachelor,Sales Executive,Manufacturing,Tier-3,Female,4.0,7,56,1,1907262
262,27,13,Bachelor,HR,Manufacturing,Metro,Male,2.2,5,51,0,5839701
263,23,29,PhD,Software Engineer,Finance,Metro,Male,3.1,1,38,0,28196941
264,37,3,Bachelor,Manager,Education,Metro,Male,4.4,7,51,1,5120561
265,53,17,PhD,Manager,IT,Metro,Female,2.9,4,48,0,25148916
266,32,24,High School,Manager,Manufacturing,Tier-2,Male,2.4,7,53,1,10080197
267,42,0,PhD,Software Engineer,Manufacturing,Tier-2,Female,3.1,7,43,0,2769349
268,42,14,PhD,Manager,Education,Metro,Female,3.9,5,64,0,15960927
269,50,8,Master,Software Engineer,Finance,Tier-3,Male,2.8,1,64,1,5479612
270,58,14,Bachelor,Manager,IT,Metro,Female,4.8,7,55,0,15708009
271,58,23,High School,Sales Executive,Finance,Tier-2,Female,2.2,5,46,0,7618351
272,28,3,PhD,Sales Executive,Finance,Tier-3,Female,2.9,5,39,0,3277573
273,47,11,High School,Software Engineer,IT,Tier-2,Female,4.0,7,45,0,6144720
274,47,5,Master,Sales Executive,IT,Tier-2,Female,3.8,0,54,0,4913612
275,54,23,Bachelor,Software Engineer,Manufacturing,Tier-3,Male,4.5,1,37,0,7683432
276,41,10,PhD,Sales Executive,Manufacturing,Metro,Female,5.0,8,55,0,9641013
277,50,12,Bachelor,Sales Executive,IT,Metro,Male,2.7,7,49,0,8325955
278,53,33,Master,Software Engineer,Healthcare,Metro,Male,1.4,6,48,1,21881584
279,48,24,Master,HR,Manufacturing,Metro,Male,1.1,6,45,0,11331170
280,53,6,High School,Sales Executive,Healthcare,Tier-3,Male,3.9,4,54,0,1931521
281,25,3,PhD,Manager,IT,Tier-3,Male,4.5,1,42,1,5521078
282,39,7,High School,HR,Manufacturing,Tier-3,Male,1.9,5,38,1,1644936
283,24,19,Master,Software Engineer,Finance,Tier-2,Female,1.6,9,61,1,13336503
284,55,28,Bachelor,HR,IT,Tier-3,Female,1.2,2,46,0,8350375
285,37,9,High School,Data Analyst,Education,Metro,Female,4.3,3,42,1,4023590
286,48,33,High School,Data Analyst,Healthcare,Tier-2,Male,2.2,9,40,1,10040399
287,50,25,Bachelor,Sales Executive,IT,Metro,Female,2.6,1,49,0,13821817
288,49,2,High School,Sales Executive,IT,Metro,Female,3.0,1,64,0,2554760
289,26,5,Bachelor,Manager,Manufacturing,Tier-3,Female,4.4,7,46,1,3602954
290,55,4,PhD,HR,Manufacturing,Tier-3,Male,3.6,7,50,1,3227515
291,57,4,Bachelor,Data Analyst,Manufacturing,Metro,Female,3.5,9,50,0,4163481
292,44,22,PhD,Sales Executive,Education,Metro,Male,1.7,5,61,0,13619035
293,49,8,Bachelor,HR,Manufacturing,Tier-2,Female,3.1,4,55,0,3441144
294,51,34,Master,Sales Executive,IT,Tier-3,Male,3.9,7,54,0,14418592
295,55,19,Master,Sales Executive,Manufacturing,Tier-2,Male,4.9,3,54,0,8698599
296,53,34,PhD,Data Analyst,Finance,Tier-2,Male,1.8,3,62,1,23279755
297,41,17,PhD,Data Analyst,Manufacturing,Tier-2,Female,1.0,4,38,0,9676193
298,52,16,Master,Sales Executive,Education,Metro,Female,1.3,0,45,0,7864094
299,43,23,PhD,Software Engineer,Finance,Tier-2,Male,2.5,0,47,0,18238438
300,53,2,Bachelor,Sales Executive,IT,Tier-2,Female,4.3,1,63,0,2905326
301,23,31,Bachelor,Sales Executive,IT,Metro,Male,1.0,7,43,0,16768661
302,38,34,Master,Manager,Healthcare,Tier-3,Male,2.8,6,38,1,17236492
303,45,12,High School,Manager,Finance,Tier-3,Female,2.3,9,46,0,5436002
304,51,24,Bachelor,Manager,Healthcare,Tier-2,Female,1.2,8,43,1,13903292
305,23,8,PhD,Software Engineer,Finance,Metro,Female,2.8,4,47,0,10832060
306,44,3,High School,Software Engineer,Finance,Tier-3,Male,2.0,1,50,1,1735826
307,52,13,High School,Sales Executive,Education,Tier-2,Male,2.4,6,60,1,3721517
308,42,33,Bachelor,Manager,Healthcare,Tier-2,Female,3.8,7,40,0,18625364
309,43,10,Bachelor,Software Engineer,Education,Metro,Male,3.1,6,44,0,6214130
310,22,2,High School,Data Analyst,Finance,Tier-2,Female,1.5,6,47,0,1967265
311,47,27,High School,Sales Executive,IT,Tier-3,Male,4.8,4,41,0,7173924
312,22,28,Master,HR,Finance,Metro,Female,3.5,1,62,0,17293366
313,46,8,PhD,Sales Executive,Education,Tier-3,Female,4.1,5,60,1,4281803
314,37,2,Master,HR,Healthcare,Tier-3,Male,1.3,3,53,0,1464090
315,53,24,Bachelor,Manager,Healthcare,Tier-3,Female,1.2,9,58,0,10699224
316,29,33,Master,HR,Education,Tier-2,Female,1.1,1,53,1,10894711
317,59,11,Master,Manager,Healthcare,Tier-2,Male,1.8,8,51,0,9585284
318,49,8,Master,Data Analyst,Manufacturing,Tier-3,Female,2.7,6,47,1,3729167
319,46,14,Master,HR,IT,Tier-3,Male,4.7,5,47,0,6699162
320,55,24,PhD,Sales Executive,IT,Metro,Female,2.8,4,60,1,21507849
321,45,4,PhD,Manager,IT,Metro,Male,2.2,2,62,0,9479147
322,44,10,High School,Sales Executive,Healthcare,Tier-2,Female,3.2,9,55,1,4059163
323,33,33,Bachelor,Software Engineer,Healthcare,Tier-2,Female,1.4,9,36,1,14682546
324,27,23,Master,Manager,Finance,Metro,Female,3.4,3,44,0,23817826
325,56,14,High School,HR,Finance,Tier-3,Female,3.3,2,64,0,3712075
326,40,7,High School,Manager,IT,Tier-2,Male,4.2,7,56,0,6307247
327,21,4,High School,Sales Executive,Manufacturing,Tier-3,Male,4.9,2,47,1,1728410
328,28,25,PhD,Data Analyst,Finance,Metro,Male,2.0,6,60,1,22438848
329,36,17,Master,Manager,Finance,Tier-2,Male,3.0,6,43,1,15102293
330,34,5,Master,HR,Healthcare,Tier-2,Male,4.6,6,35,0,3822906
331,32,12,Bachelor,Software Engineer,Manufacturing,Metro,Male,4.1,6,48,0,8185023
332,43,27,Master,Data Analyst,IT,Tier-2,Male,2.9,1,63,1,16769414
333,35,4,Master,Software Engineer,Finance,Metro,Female,4.8,9,50,0,7678439
334,48,12,High School,Manager,Manufacturing,Tier-2,Female,1.2,2,54,1,5134233
335,54,16,Bachelor,Sales Executive,Manufacturing,Metro,Female,4.7,9,49,0,8474512
336,22,31,Master,Sales Executive,IT,Tier-2,Female,1.2,8,35,0,16935326
337,52,28,PhD,HR,Manufacturing,Tier-3,Male,3.2,2,51,1,10179434
338,43,2,Master,Sales Executive,Manufacturing,Tier-3,Male,4.6,1,58,0,1937429
339,42,33,High School,Data Analyst,Manufacturing,Tier-3,Male,2.1,8,64,0,7171475
340,45,26,PhD,Sales Executive,Finance,Tier-2,Female,2.9,9,64,0,18337491
341,42,12,High School,HR,IT,Tier-2,Male,2.3,8,47,0,4590023
342,42,32,Master,Manager,Manufacturing,Tier-3,Female,4.8,3,64,0,16020477
343,26,5,PhD,Manager,Manufacturing,Tier-3,Male,4.3,8,61,1,6409269
344,35,23,Bachelor,Sales Executive,Finance,Metro,Male,3.8,2,49,0,12949881
345,57,18,Bachelor,Software Engineer,IT,Metro,Male,3.4,6,50,1,14127376
346,53,15,PhD,Manager,Healthcare,Metro,Male,4.3,6,50,0,19789488
347,28,27,PhD,Sales Executive,Finance,Tier-3,Female,2.6,7,36,0,13532621
348,25,32,High School,HR,IT,Tier-3,Female,2.8,9,51,1,7670507
349,59,12,PhD,Sales Executive,Manufacturing,Tier-3,Male,3.9,3,45,1,5827802
350,24,24,High School,Manager,IT,Metro,Female,2.4,2,42,0,15788096
351,26,26,Master,HR,IT,Tier-2,Male,1.3,2,54,0,13224408
352,52,6,High School,Sales Executive,IT,Tier-3,Male,1.3,4,37,1,2037341
353,50,4,PhD,Data Analyst,Healthcare,Tier-2,Male,1.5,0,63,1,4187007
354,55,30,PhD,HR,IT,Tier-2,Male,4.5,9,46,1,20418031
355,36,22,Master,Data Analyst,Healthcare,Tier-2,Female,2.9,2,54,1,10970641
356,33,9,PhD,Software Engineer,Manufacturing,Metro,Male,3.9,5,50,0,10391614
357,50,31,PhD,HR,Healthcare,Tier-2,Male,2.6,2,48,0,16024878
358,39,29,Bachelor,Data Analyst,Manufacturing,Tier-3,Female,2.0,4,50,0,7975086
359,37,30,Bachelor,Manager,Manufacturing,Metro,Male,2.4,8,61,0,19995721
360,39,17,Master,Manager,Healthcare,Tier-3,Female,4.2,1,55,0,9973041
361,48,1,High School,Software Engineer,Finance,Tier-3,Male,3.5,1,51,1,1490614
362,46,13,Bachelor,HR,Education,Metro,Male,4.8,5,64,1,6043729
363,57,12,High School,HR,IT,Tier-3,Male,3.7,5,45,1,3858459
364,46,28,PhD,HR,Education,Tier-3,Male,3.3,7,51,0,9653952
365,43,11,Bachelor,Software Engineer,IT,Metro,Male,3.4,1,53,1,8989441
366,29,1,Master,HR,IT,Tier-3,Male,4.8,8,56,0,2771466
367,32,31,Master,Manager,Manufacturing,Tier-2,Female,4.2,1,35,0,19559424
368,21,12,Master,Data Analyst,IT,Tier-3,Male,1.1,0,64,0,5949669
369,21,26,Bachelor,Manager,IT,Tier-2,Female,3.1,9,61,1,19403523
370,54,16,High School,Manager,Healthcare,Tier-3,Female,3.8,1,46,0,5921916
371,52,30,PhD,Data Analyst,Education,Metro,Male,4.0,6,49,0,20103253
372,45,33,High School,Manager,Healthcare,Metro,Female,1.9,7,52,1,17775757
373,21,23,High School,Software Engineer,IT,Tier-3,Male,4.5,4,62,0,8082223
374,36,34,PhD,Data Analyst,Manufacturing,Metro,Female,4.8,5,64,1,24735159
375,59,5,PhD,Manager,Healthcare,Tier-3,Male,1.9,0,57,0,4856099
376,25,18,Bachelor,Sales Executive,Healthcare,Metro,Female,4.5,5,48,1,9387152
377,42,29,Bachelor,Manager,Finance,Tier-2,Female,1.4,7,64,0,19213999
378,49,6,Bachelor,Software Engineer,IT,Tier-3,Male,1.2,2,35,0,3187009
379,23,9,Bachelor,HR,Manufacturing,Tier-2,Female,1.5,0,47,1,3454650
380,32,31,Bachelor,Manager,Healthcare,Tier-2,Male,1.2,3,64,0,17268118
381,46,33,PhD,HR,Healthcare,Tier-3,Male,4.4,0,49,1,12693204
382,36,27,High School,Sales Executive,Manufacturing,Tier-2,Male,1.2,7,41,0,7079396
383,57,14,Bachelor,Manager,IT,Tier-3,Male,2.1,4,49,1,8067948
384,42,29,Bachelor,Data Analyst,Finance,Tier-2,Male,1.4,0,54,0,12756301
385,49,28,High School,HR,Healthcare,Tier-3,Female,2.2,7,44,0,5441631
386,34,21,Bachelor,Sales Executive,Finance,Tier-3,Female,1.4,8,48,0,6855280
387,48,3,High School,Data Analyst,Education,Metro,Female,3.7,9,40,1,2539116
388,25,19,High School,Data Analyst,IT,Tier-3,Male,1.5,1,48,1,4971454
389,50,31,PhD,Data Analyst,Education,Tier-3,Female,4.4,8,58,1,12383217
390,25,3,Master,Data Analyst,Education,Tier-2,Female,4.3,7,59,1,3444659
391,32,26,PhD,Manager,Education,Tier-3,Female,1.1,6,56,1,14418846
392,36,16,Master,Manager,IT,Metro,Female,4.6,2,46,0,19666842
393,46,11,Master,Manager,IT,Tier-2,Female,1.1,1,45,0,9949836
394,46,21,Master,Sales Executive,Manufacturing,Tier-2,Male,2.0,6,63,0,9297220
395,41,16,Bachelor,Sales Executive,Finance,Metro,Male,1.1,4,64,0,9291151
396,59,9,PhD,Sales Executive,Finance,Tier-2,Female,2.3,5,59,0,7968387
397,56,0,Master,Software Engineer,Manufacturing,Tier-2,Male,3.1,3,54,1,2183601
398,53,21,High School,Sales Executive,Manufacturing,Tier-2,Male,4.2,1,56,0,6090917
399,50,25,Bachelor,Manager,Education,Tier-2,Female,2.4,8,58,1,12696233
400,57,17,PhD,Manager,Manufacturing,Metro,Female,3.8,2,59,0,19248681
401,43,13,Master,Software Engineer,Healthcare,Metro,Male,1.8,6,53,1,10535972
402,30,28,High School,Software Engineer,Finance,Tier-2,Female,4.0,7,36,1,11410370
403,25,11,PhD,Sales Executive,Manufacturing,Tier-2,Male,1.9,1,56,1,6636867
404,56,34,PhD,HR,Healthcare,Metro,Male,1.6,5,54,0,21708855
405,54,11,Bachelor,Software Engineer,Healthcare,Metro,Female,1.7,7,35,0,7427929
406,51,6,PhD,Data Analyst,Healthcare,Metro,Male,1.7,6,42,0,6849661
407,30,28,Bachelor,Manager,Healthcare,Tier-2,Male,3.1,2,59,0,15987935
408,39,10,Master,Data Analyst,Education,Tier-2,Male,4.4,0,48,1,5500500
409,52,32,Bachelor,Manager,Healthcare,Tier-3,Female,1.3,5,43,1,13002932
410,21,5,High School,Manager,Education,Metro,Female,3.8,7,36,1,4375437
411,25,14,Bachelor,Software Engineer,Education,Tier-2,Female,3.6,5,59,1,6553214
412,24,31,High School,Software Engineer,Healthcare,Metro,Female,4.5,4,57,0,14036884
413,36,10,Bachelor,Data Analyst,Finance,Tier-2,Male,2.0,7,39,1,5888746
414,44,22,PhD,Manager,Healthcare,Metro,Female,2.8,1,57,0,24728185
415,36,25,Master,Data Analyst,Healthcare,Tier-2,Female,4.7,0,63,1,12930588
416,22,33,High School,HR,Healthcare,Tier-3,Female,3.6,0,59,1,6571701
417,48,33,Bachelor,Data Analyst,Finance,Tier-3,Female,2.6,3,42,1,10921070
418,52,28,Bachelor,Sales Executive,IT,Metro,Male,1.5,5,50,0,15437746
419,47,3,Bachelor,Data Analyst,IT,Tier-2,Male,2.0,8,56,0,3815851
420,40,16,PhD,Sales Executive,Education,Tier-2,Male,3.3,0,50,1,8283023
421,44,34,PhD,Sales Executive,Education,Metro,Female,3.9,0,47,1,19873643
422,32,12,High School,Sales Executive,Finance,Tier-2,Female,1.5,4,54,1,4689601
423,55,14,High School,HR,Manufacturing,Metro,Male,3.4,9,63,0,5291445
424,53,28,PhD,Data Analyst,IT,Tier-2,Female,3.2,4,49,0,21143155
425,53,28,High School,Data Analyst,Education,Metro,Female,3.1,4,35,0,9007790
426,57,10,Master,HR,IT,Tier-2,Male,3.8,9,56,1,7137016
427,32,31,Master,Manager,Finance,Metro,Male,4.3,5,37,0,31449614
428,23,1,PhD,Software Engineer,Finance,Tier-2,Female,2.3,7,40,1,3947795
429,21,13,High School,Data Analyst,Manufacturing,Tier-3,Female,4.6,2,56,0,3373603
430,53,19,Bachelor,Software Engineer,Manufacturing,Tier-2,Female,1.6,8,48,1,8298811
431,30,21,Master,HR,Finance,Metro,Male,1.7,0,38,1,12533846
432,49,10,PhD,Manager,Education,Tier-3,Male,2.1,3,52,0,6759410
433,33,26,High School,Manager,IT,Tier-2,Male,1.5,8,49,1,14365072
434,32,2,PhD,Manager,Healthcare,Tier-3,Male,1.9,7,43,1,3620754
435,51,16,Bachelor,HR,Manufacturing,Tier-2,Female,1.4,9,52,1,5522187
436,22,27,Master,Sales Executive,Healthcare,Tier-3,Male,4.3,8,37,0,9699335
437,55,28,PhD,Sales Executive,Education,Metro,Male,1.6,0,44,1,15874951
438,43,20,PhD,Software Engineer,Manufacturing,Tier-2,Female,4.0,8,51,0,14453735
439,37,15,PhD,Sales Executive,Healthcare,Tier-2,Female,1.2,2,41,0,8944923
440,46,19,Bachelor,Sales Executive,Education,Metro,Female,4.8,9,49,1,8645818
441,28,5,PhD,Manager,IT,Tier-3,Male,3.8,8,35,0,7091000
442,49,18,Bachelor,Manager,Education,Metro,Female,1.0,0,61,1,11117274
443,46,4,Bachelor,Software Engineer,Manufacturing,Metro,Female,4.1,0,59,0,4053987
444,30,2,Bachelor,Data Analyst,Finance,Tier-3,Male,3.1,8,61,1,2348627
445,46,0,Master,Software Engineer,IT,Metro,Male,4.1,5,45,0,3900823
446,54,14,Master,Software Engineer,Healthcare,Tier-2,Female,3.1,3,51,1,9278690
447,27,33,PhD,HR,Manufacturing,Tier-2,Male,3.6,6,39,1,15679985
448,24,34,PhD,HR,Finance,Tier-2,Female,4.1,4,41,1,20368927
449,31,24,Master,Software Engineer,Education,Metro,Female,2.6,9,53,1,15250365
450,49,23,High School,Software Engineer,Finance,Tier-2,Male,1.0,6,59,0,9524057
451,56,11,Master,Software Engineer,Manufacturing,Tier-2,Female,4.4,7,58,0,7868888
452,45,17,Bachelor,Sales Executive,Manufacturing,Tier-2,Male,2.5,7,63,1,6388478
453,41,14,Master,HR,Finance,Tier-2,Male,3.0,0,49,0,7360781
454,56,15,Bachelor,Software Engineer,Education,Tier-2,Male,1.0,7,37,1,6178314
455,30,26,PhD,Manager,Finance,Tier-2,Female,3.0,5,49,1,26737923
456,57,7,High School,Manager,Manufacturing,Metro,Male,4.9,3,39,0,5437703
457,29,24,PhD,Sales Executive,Manufacturing,Tier-2,Male,2.1,7,57,0,13236213
458,44,16,Bachelor,Sales Executive,Healthcare,Tier-2,Female,2.6,2,46,1,6492826
459,55,28,Bachelor,Data Analyst,Healthcare,Tier-3,Female,3.7,3,64,0,8442272
460,55,7,Bachelor,Data Analyst,IT,Metro,Female,4.3,5,54,1,7226568
461,56,14,High School,Data Analyst,Manufacturing,Metro,Female,2.7,6,39,0,5762441
462,38,26,Master,Sales Executive,Healthcare,Metro,Male,2.2,3,37,0,14422878
463,59,6,PhD,Sales Executive,Finance,Metro,Male,4.8,3,43,0,8318330
464,52,2,PhD,Sales Executive,Education,Tier-2,Male,3.7,6,60,0,3738763
465,44,28,Master,Manager,Finance,Tier-2,Female,1.5,5,43,0,21787391
466,43,23,PhD,Sales Executive,Education,Tier-3,Female,1.3,7,41,1,8316266
467,52,2,High School,Manager,Healthcare,Tier-3,Male,2.9,0,60,0,1449715
468,57,19,PhD,Data Analyst,IT,Metro,Female,1.9,9,36,0,19093537
469,32,14,Bachelor,Data Analyst,Finance,Tier-3,Female,2.0,6,57,1,5644484
470,33,24,Master,Data Analyst,Finance,Tier-3,Male,4.5,6,57,1,11107325
471,43,29,High School,Software Engineer,Finance,Metro,Male,1.4,6,61,1,14471019
472,45,13,Master,Software Engineer,Education,Metro,Female,3.9,6,55,0,9395100
473,55,6,High School,HR,Healthcare,Tier-3,Female,2.1,9,50,0,1969682
474,50,16,Bachelor,HR,Finance,Tier-2,Female,4.0,9,43,1,7743755
475,37,19,Master,HR,Finance,Tier-3,Male,3.9,7,47,1,7692531
476,40,8,PhD,Software Engineer,IT,Tier-3,Male,1.0,8,62,1,7208408
477,45,21,High School,Software Engineer,IT,Tier-2,Male,3.0,8,61,1,9794858
478,42,1,Master,HR,Healthcare,Tier-2,Male,1.6,1,53,0,1679999
479,33,23,PhD,HR,Healthcare,Metro,Male,4.5,6,54,0,16508192
480,39,7,Master,Sales Executive,Manufacturing,Metro,Female,4.5,6,51,0,5894757
481,56,10,Master,HR,IT,Tier-3,Female,2.7,3,40,0,4561222
482,32,12,Master,Sales Executive,Manufacturing,Tier-2,Female,2.8,8,38,0,6093099
483,39,16,High School,Manager,Education,Metro,Male,2.2,7,35,1,8129164
484,32,7,PhD,Software Engineer,Manufacturing,Tier-3,Male,3.9,0,52,0,4683047
485,29,20,Bachelor,HR,Finance,Tier-2,Male,2.4,1,53,1,8033088
486,27,17,High School,Software Engineer,Manufacturing,Tier-3,Female,2.1,1,43,1,4223923
487,48,29,High School,Software Engineer,Healthcare,Metro,Male,2.7,7,47,1,12645864
488,34,17,High School,Software Engineer,Education,Metro,Male,1.4,0,42,0,6505179
489,51,30,Bachelor,Manager,Finance,Tier-2,Female,4.0,3,57,1,19902375
490,39,31,PhD,Data Analyst,Manufacturing,Tier-3,Male,1.1,9,47,0,12806016
491,36,10,PhD,HR,Education,Tier-2,Female,3.6,4,49,1,5660197
492,25,24,PhD,Data Analyst,Education,Metro,Male,1.7,8,45,0,16167192
493,55,32,Master,Data Analyst,Finance,Metro,Male,1.9,6,46,1,22117815
494,32,7,Master,Data Analyst,Manufacturing,Tier-3,Female,3.5,7,48,0,3572983
495,45,10,Master,Software Engineer,Education,Tier-3,Female,5.0,8,38,1,5209390
496,41,21,Bachelor,Sales Executive,Education,Tier-3,Female,4.1,6,35,1,5338851
497,56,23,Master,Software Engineer,IT,Tier-2,Female,1.9,4,58,1,16268578
498,43,16,Bachelor,Software Engineer,Education,Tier-3,Female,1.7,4,38,1,4779211
499,36,11,PhD,Data Analyst,IT,Tier-3,Female,4.5,9,53,0,8637027
500,59,31,Master,Software Engineer,Manufacturing,Metro,Male,2.8,5,43,0,19791336
501,59,14,Master,Data Analyst,Manufacturing,Metro,Male,1.5,4,44,0,8466076
502,34,15,High School,Sales Executive,Manufacturing,Tier-3,Female,4.4,8,38,1,3841481
503,51,21,Bachelor,HR,Healthcare,Tier-3,Male,4.3,2,54,1,5621043
504,25,27,PhD,Data Analyst,Manufacturing,Metro,Female,4.9,2,64,1,20400503
505,55,19,High School,Sales Executive,Education,Tier-3,Male,4.6,6,43,1,3861033
506,43,32,High School,HR,Finance,Tier-2,Female,4.4,6,47,1,9931182
507,49,9,PhD,Manager,IT,Tier-2,Male,1.2,5,46,1,11883053
508,31,31,High School,Data Analyst,Healthcare,Tier-2,Male,1.4,2,45,0,8875150
509,38,32,Bachelor,Data Analyst,Manufacturing,Tier-3,Male,3.3,6,46,0,8943387
510,32,1,Bachelor,Manager,Manufacturing,Metro,Male,3.1,4,64,0,3281708
511,29,32,Master,Manager,Finance,Tier-3,Male,2.8,6,52,0,19219681
512,30,32,High School,Data Analyst,Finance,Tier-3,Female,2.6,1,64,0,8164160
513,37,12,Master,Manager,Healthcare,Metro,Female,2.7,5,46,0,12360614
514,58,29,High School,Software Engineer,IT,Metro,Female,3.3,7,50,0,15976716
515,27,32,Bachelor,HR,Manufacturing,Metro,Male,1.0,0,39,0,11612782
516,33,12,Bachelor,HR,Healthcare,Tier-2,Female,2.0,3,54,1,4838750
517,29,25,Bachelor,HR,Education,Tier-3,Male,3.1,0,59,1,5507940
518,47,21,High School,Software Engineer,Education,Metro,Male,3.9,0,46,1,7983825
519,22,1,Bachelor,Manager,Healthcare,Tier-3,Male,1.7,9,55,1,2355104
520,25,25,High School,Sales Executive,Manufacturing,Tier-2,Female,3.2,7,59,1,6993714
521,49,14,Master,Manager,Healthcare,Tier-2,Male,3.9,6,45,1,11956472
522,57,33,High School,Data Analyst,Manufacturing,Metro,Female,2.8,9,43,1,11769020
523,58,10,Master,HR,Finance,Metro,Female,1.1,0,64,0,6951131
524,39,2,High School,Manager,Healthcare,Tier-3,Male,2.8,1,52,0,1618072
525,28,5,Master,Sales Executive,Manufacturing,Metro,Male,2.2,3,64,1,4286281
526,21,8,Bachelor,Data Analyst,Healthcare,Tier-3,Female,4.7,0,59,0,3390582
527,42,5,Master,Software Engineer,Healthcare,Metro,Female,1.5,2,37,0,4720070
528,37,8,Bachelor,Software Engineer,Manufacturing,Tier-3,Female,3.6,7,54,0,3843362
529,27,30,Bachelor,Sales Executive,Manufacturing,Tier-3,Female,1.2,7,51,0,7638051
530,45,31,Master,Data Analyst,IT,Tier-3,Female,2.8,7,48,0,14052722
531,24,11,High School,HR,Healthcare,Tier-3,Female,3.2,5,35,1,2636322
532,56,7,High School,Manager,Education,Tier-2,Male,2.2,5,51,0,3706935
533,26,7,PhD,Data Analyst,Healthcare,Tier-3,Female,2.8,4,59,1,4702298
534,51,27,High School,Software Engineer,Healthcare,Metro,Female,1.7,8,61,1,11969911
535,39,19,PhD,Sales Executive,Manufacturing,Tier-2,Female,2.2,3,42,1,9998988
536,59,6,High School,Sales Executive,Healthcare,Tier-2,Female,3.5,9,39,0,2775487
537,47,10,High School,Manager,Healthcare,Tier-3,Male,2.2,6,39,1,4098111
538,30,19,Bachelor,Sales Executive,Education,Tier-2,Male,4.6,0,43,1,6281343
539,46,15,PhD,Sales Executive,Manufacturing,Tier-3,Female,3.5,8,37,1,6886048
540,39,3,High School,Data Analyst,Healthcare,Metro,Female,2.8,6,53,1,2797234
541,59,5,PhD,HR,Finance,Tier-3,Female,1.2,9,57,0,3985543
542,23,21,Bachelor,Manager,IT,Tier-2,Male,3.0,8,43,1,15687670
543,33,25,Bachelor,Data Analyst,Education,Metro,Male,4.1,6,56,1,11434832
544,48,2,PhD,HR,Healthcare,Tier-3,Male,2.1,1,64,1,2283526
545,40,13,Bachelor,Data Analyst,Finance,Metro,Male,4.2,5,52,1,9171217
546,48,10,Master,Data Analyst,Healthcare,Metro,Male,2.0,9,50,0,7891704
547,28,17,Master,Sales Executive,Healthcare,Tier-2,Male,4.3,3,35,1,8725466
548,59,11,Bachelor,HR,Manufacturing,Metro,Female,1.3,2,36,1,4622403
549,21,22,Master,Manager,Manufacturing,Tier-2,Male,4.5,1,48,1,14712153
550,23,11,High School,Manager,Manufacturing,Metro,Male,3.0,5,48,1,6720047
551,33,12,PhD,HR,Finance,Tier-3,Female,2.2,7,35,1,6332434
552,48,24,High School,Sales Executive,Healthcare,Metro,Male,2.1,5,60,1,8629598
553,45,18,PhD,Software Engineer,IT,Tier-3,Female,2.7,8,60,0,13190594
554,53,7,Bachelor,Data Analyst,Education,Tier-3,Male,5.0,4,59,1,2950802
555,58,28,High School,Sales Executive,Manufacturing,Metro,Female,1.9,1,50,0,9080918
556,26,31,Bachelor,HR,Manufacturing,Tier-3,Female,1.4,7,49,0,7120201
557,52,17,Bachelor,Data Analyst,Healthcare,Metro,Female,3.3,8,60,1,10112277
558,41,5,PhD,Manager,Healthcare,Metro,Female,3.0,9,49,0,10432314
559,36,17,PhD,Software Engineer,Finance,Tier-3,Female,3.1,3,46,1,11416906
560,41,18,PhD,Manager,Finance,Tier-3,Male,3.7,5,50,0,15330113
561,31,21,High School,HR,Manufacturing,Tier-2,Male,2.1,9,48,1,5153890
562,57,31,Master,Data Analyst,Healthcare,Tier-3,Female,4.6,7,63,0,12067146
563,56,2,PhD,HR,IT,Tier-2,Female,2.7,8,58,0,4516427
564,55,27,PhD,Data Analyst,Education,Tier-3,Female,1.5,4,49,1,10258099
565,39,9,High School,Sales Executive,Healthcare,Metro,Male,4.0,5,57,0,4850037
566,40,34,PhD,Software Engineer,Healthcare,Tier-3,Female,3.6,3,49,0,17680847
567,38,28,High School,Sales Executive,Finance,Metro,Female,2.3,4,53,0,11519066
568,34,14,Bachelor,Sales Executive,Education,Metro,Female,3.5,6,42,0,6632277
569,35,32,PhD,HR,Manufacturing,Metro,Female,1.9,8,36,0,18937045
570,51,6,PhD,Software Engineer,Healthcare,Tier-2,Male,2.8,9,36,1,6360286
571,21,11,Bachelor,Data Analyst,Manufacturing,Tier-3,Female,4.6,5,61,0,4088269
572,23,29,Bachelor,Data Analyst,Healthcare,Metro,Female,1.5,5,44,0,14180380
573,36,20,Bachelor,Manager,Manufacturing,Metro,Male,2.5,7,37,1,13731661
574,43,30,PhD,Data Analyst,Education,Tier-2,Female,4.3,3,57,1,15874063
575,31,23,Master,HR,Finance,Tier-3,Female,4.9,2,51,1,8803818
576,32,19,Master,Sales Executive,Education,Tier-3,Male,2.8,6,42,0,6165137
577,30,3,Master,Sales Executive,IT,Tier-2,Male,3.0,4,62,0,4285759
578,52,27,PhD,Sales Executive,Finance,Tier-2,Male,3.3,1,57,0,17716939
579,36,19,Bachelor,Software Engineer,Education,Tier-3,Female,4.7,1,38,0,5934057
580,28,23,PhD,Data Analyst,IT,Tier-2,Female,4.4,5,48,1,18590277
581,58,31,Bachelor,HR,Healthcare,Tier-3,Male,1.7,7,55,1,7951552
582,32,33,PhD,Software Engineer,Healthcare,Tier-3,Male,2.7,0,44,0,16535076
583,44,1,PhD,Manager,Manufacturing,Metro,Male,2.9,5,63,0,5824155
584,48,14,Bachelor,HR,Finance,Metro,Female,4.2,1,35,0,7827947
585,28,33,Master,HR,Healthcare,Tier-3,Female,3.4,1,38,0,10430051
586,48,5,Bachelor,HR,Finance,Tier-3,Male,3.6,6,35,1,2400389
587,56,11,High School,Sales Executive,Healthcare,Tier-3,Female,5.0,9,51,1,3089609
588,46,2,High School,HR,Manufacturing,Tier-3,Male,1.3,0,60,0,775660
589,28,17,Bachelor,Data Analyst,Education,Tier-3,Female,1.9,5,51,1,4399031
590,48,20,PhD,HR,Manufacturing,Tier-3,Female,2.6,6,41,0,7456226
591,48,14,High School,Sales Executive,IT,Tier-2,Female,2.4,7,57,0,5670474
592,57,32,High School,HR,Healthcare,Tier-3,Female,1.1,6,54,1,5966263
593,56,34,PhD,Manager,IT,Tier-2,Male,1.4,5,49,0,34892967
594,47,25,PhD,Manager,IT,Tier-2,Female,3.7,8,47,1,28731812
595,37,7,Master,Sales Executive,Finance,Tier-3,Female,4.5,2,62,0,4304551
596,29,29,PhD,Data Analyst,Healthcare,Tier-3,Male,3.1,5,36,1,13185180
597,53,22,Bachelor,Data Analyst,IT,Tier-2,Female,3.2,3,62,0,11599261
598,40,13,Bachelor,Software Engineer,Education,Tier-2,Male,2.0,1,53,1,5403707
599,33,13,Master,Sales Executive,IT,Tier-3,Male,4.1,0,58,0,6483863
600,48,1,High School,HR,Education,Tier-3,Female,4.0,0,47,0,856763
601,49,4,High School,Sales Executive,Finance,Tier-2,Female,3.4,9,58,1,2673544
602,33,13,PhD,Software Engineer,IT,Tier-2,Male,1.9,2,45,0,11850392
603,55,24,Bachelor,Sales Executive,Manufacturing,Tier-2,Male,1.4,3,61,1,8258016
604,26,19,High School,Sales Executive,Finance,Metro,Male,1.3,1,56,1,7939127
605,38,1,Master,Software Engineer,Education,Tier-2,Female,3.4,0,49,0,2462183
606,25,5,Master,Data Analyst,Finance,Metro,Male,4.3,3,44,0,6268274
607,45,16,Bachelor,HR,IT,Tier-3,Male,4.4,6,43,0,6046717
608,22,24,Master,Software Engineer,Healthcare,Tier-3,Male,2.9,9,61,0,10879197
609,30,27,Master,Manager,Healthcare,Tier-2,Female,4.1,5,62,1,20027560
610,50,1,Bachelor,Data Analyst,Education,Tier-3,Male,4.8,5,43,0,1770807
611,25,34,PhD,Manager,Education,Tier-3,Female,2.1,8,54,0,18364681
612,53,4,PhD,Data Analyst,Healthcare,Tier-3,Female,2.6,1,62,0,3413390
613,21,0,Master,HR,Education,Tier-3,Male,4.7,3,35,1,1510238
614,38,11,PhD,HR,Finance,Metro,Female,2.4,4,51,0,10124105
615,52,22,PhD,Sales Executive,Manufacturing,Metro,Male,4.7,0,46,1,15438865
616,31,30,Master,Manager,Manufacturing,Tier-2,Female,4.9,7,44,0,20120914
617,41,10,PhD,Data Analyst,Finance,Tier-2,Female,3.6,7,39,1,9359512
618,46,9,Master,HR,Manufacturing,Tier-2,Male,4.3,5,64,0,5172439
619,45,2,High School,Software Engineer,IT,Tier-3,Male,4.0,4,63,0,1913761
620,42,13,Bachelor,HR,Finance,Tier-3,Male,3.8,7,52,1,4666467
621,47,15,Bachelor,Software Engineer,Education,Metro,Female,2.2,2,49,0,7629540
622,33,9,PhD,Data Analyst,Finance,Metro,Female,1.2,2,40,0,9107109
623,53,28,PhD,HR,Healthcare,Tier-2,Male,2.4,1,41,0,14290630
624,54,9,PhD,HR,Education,Metro,Male,3.7,4,51,1,6903365
625,55,11,Bachelor,Data Analyst,Healthcare,Metro,Female,1.4,2,40,0,6093033
626,21,29,High School,HR,Education,Metro,Female,1.0,2,42,1,7538977
627,41,0,High School,Software Engineer,Manufacturing,Metro,Female,1.6,5,46,1,1571329
628,26,4,Bachelor,HR,Finance,Metro,Male,3.9,7,55,1,4360738
629,48,19,High School,Manager,IT,Tier-2,Female,4.9,1,48,0,11286759
630,37,7,Bachelor,Sales Executive,Education,Tier-2,Male,4.9,3,46,1,3388900
631,25,11,High School,Software Engineer,Education,Metro,Female,3.0,6,57,1,5369467
632,51,0,Master,Manager,Healthcare,Tier-2,Female,4.5,0,44,0,2832180
633,25,19,Master,Data Analyst,Manufacturing,Tier-3,Male,3.9,0,56,1,7094407
634,58,27,Bachelor,Software Engineer,Healthcare,Metro,Male,3.0,9,54,1,15952777
635,23,11,High School,Sales Executive,Healthcare,Tier-3,Male,3.3,6,49,0,2845221
636,43,27,PhD,Sales Executive,Manufacturing,Tier-2,Female,1.5,6,41,0,14012074
637,57,14,High School,Data Analyst,IT,Tier-2,Female,4.8,0,60,1,6341150
638,57,5,Master,Data Analyst,Healthcare,Tier-3,Female,2.4,0,43,0,2571061
639,30,19,Master,Software Engineer,Healthcare,Tier-2,Male,2.8,3,44,0,11311595
640,30,13,High School,HR,Education,Metro,Female,3.7,4,44,0,4217390
641,39,1,High School,Data Analyst,Manufacturing,Tier-3,Male,2.3,4,50,1,958817
642,37,8,PhD,HR,Finance,Metro,Male,2.0,3,63,1,8363884
643,41,19,PhD,Manager,IT,Tier-3,Male,3.5,7,41,0,17165271
644,34,25,High School,Sales Executive,IT,Tier-2,Female,1.1,6,62,1,9091667
645,29,28,High School,HR,Manufacturing,Tier-3,Female,3.9,8,64,0,5390513
646,21,0,High School,Sales Executive,Education,Tier-3,Male,3.1,6,39,0,947796
647,33,34,High School,HR,Education,Metro,Female,3.4,9,57,0,9484417
648,24,5,Bachelor,Manager,Manufacturing,Tier-2,Male,3.5,0,37,0,3851324
649,21,4,High School,Data Analyst,Education,Metro,Male,3.1,6,52,0,2276211
650,52,32,PhD,Manager,IT,Tier-2,Female,3.3,0,45,1,33497650
651,54,13,Master,Data Analyst,IT,Metro,Male,3.7,6,49,1,11971779
652,48,11,Bachelor,Data Analyst,Finance,Tier-3,Male,4.0,9,55,1,5239000
653,51,19,High School,Sales Executive,Manufacturing,Metro,Female,3.9,7,54,1,6970031
654,28,23,Master,Manager,Healthcare,Tier-2,Male,4.5,8,39,0,17651154
655,59,33,Bachelor,HR,Healthcare,Tier-2,Male,1.8,2,58,0,10758573
656,46,24,Master,Manager,Finance,Tier-3,Male,2.6,3,46,1,14462037
657,54,28,High School,Sales Executive,Finance,Tier-2,Male,4.8,3,38,1,9447309
658,23,30,High School,Data Analyst,Education,Metro,Male,2.6,8,49,0,9609370
659,32,22,PhD,Sales Executive,Finance,Tier-3,Male,1.5,6,43,0,10843139
660,21,19,High School,Software Engineer,Finance,Tier-2,Male,3.1,2,41,0,7699006
661,25,22,High School,Software Engineer,Healthcare,Tier-2,Female,1.4,9,44,1,7766118
662,50,15,Bachelor,HR,Education,Metro,Female,1.8,4,63,0,6098845
663,50,7,PhD,Sales Executive,Finance,Metro,Male,5.0,6,62,0,9650319
664,37,20,Bachelor,HR,Finance,Tier-3,Male,3.2,7,57,1,6340124
665,43,0,Master,HR,Education,Tier-2,Female,2.1,0,47,1,1021007
666,35,7,High School,Software Engineer,Manufacturing,Metro,Female,5.0,1,63,1,4468858
667,57,28,Master,HR,Education,Tier-3,Female,4.9,6,42,0,8114895
668,41,31,Bachelor,Software Engineer,Healthcare,Tier-2,Female,2.8,1,46,0,13899999
669,34,4,High School,Data Analyst,Manufacturing,Tier-2,Female,2.0,6,56,1,2026931
670,22,21,High School,Sales Executive,IT,Tier-3,Male,4.4,8,58,0,6377234
671,31,33,Bachelor,HR,Education,Tier-3,Female,3.9,1,53,0,7157945
672,59,0,Bachelor,Software Engineer,Healthcare,Metro,Female,3.7,6,60,0,2936154
673,58,25,Bachelor,Manager,Manufacturing,Tier-2,Female,4.6,3,60,1,13789460
674,54,9,Bachelor,HR,Education,Tier-2,Male,3.8,1,64,1,3558512
675,58,29,Bachelor,Data Analyst,Finance,Tier-2,Male,2.1,6,35,0,12989621
676,54,17,High School,Data Analyst,Education,Tier-3,Male,3.8,4,50,0,3668519
677,38,16,Bachelor,Manager,IT,Metro,Male,2.2,0,56,0,14892587
678,50,25,High School,Software Engineer,Education,Tier-2,Male,4.0,4,51,0,7648990
679,35,7,High School,HR,Manufacturing,Tier-3,Male,3.5,2,59,1,1725840
680,47,11,Bachelor,Software Engineer,Manufacturing,Tier-2,Female,1.3,6,64,1,5689271
681,54,26,Bachelor,Data Analyst,Education,Metro,Male,3.1,5,52,0,11328154
682,58,7,PhD,Software Engineer,Manufacturing,Tier-2,Male,2.4,7,45,0,6422159
683,53,24,High School,Data Analyst,Finance,Metro,Female,2.3,4,52,1,10924813
684,44,3,Bachelor,Software Engineer,Education,Metro,Male,3.4,1,41,0,2692811
685,35,32,Bachelor,Manager,Finance,Tier-2,Female,2.3,8,52,1,20898402
686,50,0,Bachelor,Sales Executive,Finance,Tier-2,Female,4.1,7,60,0,2404024
687,37,18,PhD,Manager,Healthcare,Metro,Male,1.3,5,42,1,20176766
688,25,30,PhD,Manager,Education,Tier-3,Female,3.6,9,40,0,16994720
689,49,15,Master,Sales Executive,Manufacturing,Metro,Female,4.2,6,64,0,10037525
690,24,13,High School,Sales Executive,Finance,Tier-2,Female,3.7,8,41,1,5163107
691,30,4,Master,HR,Healthcare,Tier-2,Female,3.0,6,57,1,3825639
692,37,25,Bachelor,HR,Education,Tier-3,Male,4.8,2,56,0,5801470
693,30,27,PhD,Manager,Education,Metro,Female,2.2,5,44,0,24836408
694,37,1,PhD,Manager,IT,Metro,Male,1.1,6,45,1,5668236
695,40,5,Master,Data Analyst,IT,Metro,Female,2.7,1,59,1,6486625
696,44,8,PhD,Data Analyst,Finance,Tier-2,Female,1.1,2,47,0,6569281
697,25,32,Bachelor,HR,IT,Metro,Female,4.8,3,43,0,16732353
698,54,24,PhD,HR,Finance,Tier-3,Male,1.8,9,41,1,11077730
699,26,12,Master,Data Analyst,Manufacturing,Tier-2,Male,4.2,5,43,1,6830191
700,22,8,Bachelor,Data Analyst,Finance,Tier-2,Male,4.1,0,47,1,4730482
701,33,12,Master,Software Engineer,IT,Metro,Female,1.9,8,60,1,12856598
702,31,30,PhD,Software Engineer,Manufacturing,Tier-3,Female,3.5,4,37,1,14648272
703,43,10,Master,Data Analyst,IT,Tier-2,Female,1.2,6,37,0,7037315
704,36,3,Master,Software Engineer,Finance,Tier-2,Female,2.9,8,35,0,4412033
705,51,33,High School,Sales Executive,Healthcare,Metro,Male,1.1,8,55,1,11373080
706,31,3,PhD,HR,Education,Metro,Female,4.7,0,54,0,4118536
707,36,18,PhD,HR,IT,Tier-3,Male,4.9,0,36,0,9317917
708,28,5,Master,Data Analyst,Finance,Metro,Female,1.9,2,59,1,5805839
709,24,33,High School,Manager,Manufacturing,Tier-3,Male,1.8,5,37,0,9824243
710,24,17,PhD,Data Analyst,IT,Tier-2,Male,4.0,1,49,0,14177392
711,45,12,Bachelor,Software Engineer,IT,Tier-3,Female,2.0,9,58,0,6333120
712,23,22,Master,Manager,Education,Tier-3,Female,4.6,0,40,1,10317542
713,52,18,PhD,Software Engineer,Finance,Tier-3,Male,3.3,0,64,1,12018299
714,23,10,Bachelor,Sales Executive,Healthcare,Tier-2,Female,2.4,4,47,0,4432164
715,47,0,PhD,Software Engineer,Manufacturing,Metro,Female,4.3,3,55,0,3918456
716,49,23,Bachelor,Sales Executive,Finance,Tier-2,Male,3.0,0,35,0,9459997
717,52,6,Master,Sales Executive,Manufacturing,Metro,Male,4.6,3,54,0,5426511
718,39,24,PhD,Software Engineer,IT,Tier-3,Male,4.7,2,53,0,16555162
719,41,20,PhD,Software Engineer,Education,Tier-3,Male,1.7,1,35,0,8465159
720,25,14,High School,Sales Executive,Education,Tier-3,Female,1.0,8,62,1,2853210
721,38,0,Master,Manager,Healthcare,Tier-3,Male,4.9,0,55,0,2295159
722,48,11,Bachelor,Sales Executive,Education,Tier-3,Male,4.6,6,56,0,3408805
723,42,6,PhD,HR,IT,Metro,Male,1.2,3,36,1,6251612
724,41,14,PhD,Sales Executive,Healthcare,Metro,Female,4.3,4,49,0,11900807
725,26,20,Bachelor,Manager,Finance,Tier-3,Male,2.8,9,48,0,10797266
726,21,18,Master,HR,Education,Tier-2,Female,2.0,4,53,0,6560767
727,25,28,High School,Data Analyst,Healthcare,Tier-2,Male,4.5,0,45,0,8643928
728,32,24,High School,Data Analyst,IT,Tier-3,Male,1.8,5,64,1,6986863
729,46,32,PhD,Manager,Manufacturing,Metro,Female,4.8,8,49,0,33507456
730,54,31,Bachelor,Sales Executive,Manufacturing,Tier-2,Male,1.8,1,40,1,9922638
731,34,34,PhD,Software Engineer,IT,Tier-2,Male,3.5,6,54,0,29395364
732,46,25,Bachelor,Manager,IT,Tier-2,Female,1.9,5,43,0,17309833
733,47,10,High School,HR,Manufacturing,Tier-3,Male,3.2,4,39,1,2047856
734,29,34,Master,HR,Healthcare,Tier-2,Male,3.7,3,54,0,14411175
735,46,7,Bachelor,Data Analyst,Manufacturing,Tier-2,Male,1.8,3,36,1,3152180
736,42,13,High School,HR,IT,Tier-2,Male,3.1,5,40,1,4899917
737,50,9,PhD,Manager,Education,Tier-2,Female,2.9,3,60,1,9058985
738,37,1,Bachelor,HR,Finance,Metro,Male,1.3,4,52,0,2579198
739,46,8,Master,Manager,Education,Tier-3,Female,4.3,5,62,0,5322479
740,56,2,PhD,Software Engineer,Education,Tier-3,Male,2.3,4,63,0,2725426
741,21,20,PhD,Data Analyst,IT,Metro,Female,3.3,6,57,0,20719147
742,28,25,High School,HR,Manufacturing,Metro,Male,3.1,8,53,1,7939261
743,55,7,Bachelor,Manager,Healthcare,Tier-3,Female,3.1,9,43,0,4540144
744,35,1,PhD,Sales Executive,Education,Tier-2,Male,1.4,6,61,0,2188935
745,42,5,Master,Data Analyst,Manufacturing,Tier-2,Female,2.7,6,55,1,3996775
746,34,27,Bachelor,Software Engineer,Healthcare,Tier-3,Female,2.8,3,58,1,9097078
747,46,28,Master,Manager,Education,Tier-2,Male,3.9,0,61,0,16940869
748,48,25,PhD,Software Engineer,Healthcare,Metro,Female,4.4,7,40,1,23264730
749,43,24,Master,Software Engineer,Manufacturing,Tier-2,Male,3.2,3,48,1,12785131
750,34,11,High School,HR,Finance,Tier-2,Male,1.3,0,62,1,3675511
751,44,4,Master,HR,Manufacturing,Tier-2,Male,1.9,4,60,1,2798193
752,22,33,Bachelor,Manager,IT,Tier-3,Male,1.7,7,58,1,17119518
753,46,14,Master,Sales Executive,Healthcare,Metro,Male,1.5,3,63,0,8708032
754,34,14,Master,Manager,Finance,Tier-2,Female,2.5,7,47,0,13136701
755,27,22,High School,Sales Executive,Healthcare,Tier-3,Male,1.9,7,45,0,4726089
756,23,5,Master,Software Engineer,Healthcare,Tier-2,Male,1.9,2,46,0,3987809
757,43,20,Master,Data Analyst,Education,Metro,Male,1.2,8,53,0,10627380
758,38,22,PhD,Manager,IT,Tier-2,Male,1.1,2,53,0,23571138
759,58,15,PhD,Manager,Healthcare,Metro,Male,1.4,0,55,0,16955619
760,55,14,Bachelor,Sales Executive,Manufacturing,Tier-2,Male,1.7,1,61,1,5397012
761,35,24,PhD,Software Engineer,Manufacturing,Metro,Female,2.7,5,60,0,20441278
762,45,10,PhD,Software Engineer,Education,Tier-2,Female,3.0,9,53,0,7959420
763,57,14,PhD,Sales Executive,IT,Metro,Male,1.6,1,58,0,13084258
764,48,3,PhD,Software Engineer,IT,Tier-2,Female,2.7,5,60,1,6534219
765,30,20,High School,HR,Manufacturing,Tier-2,Male,2.4,0,47,0,5147694
766,59,12,PhD,Data Analyst,Finance,Tier-3,Male,1.7,0,62,0,7124352
767,37,21,High School,Manager,Education,Tier-3,Male,1.0,4,48,1,5859805
768,59,18,High School,Data Analyst,Education,Metro,Male,2.9,9,58,0,6620543
769,42,33,PhD,Manager,Manufacturing,Tier-2,Male,3.7,8,52,0,27229012
770,46,13,Master,HR,Manufacturing,Metro,Female,1.9,7,46,1,7208774
771,45,3,High School,Software Engineer,Finance,Tier-3,Female,1.5,2,38,0,1250346
772,37,26,Master,Sales Executive,Finance,Metro,Female,4.5,2,44,1,17351766
773,33,28,Master,HR,IT,Metro,Female,2.1,0,63,0,17711707
774,40,27,PhD,Data Analyst,Education,Tier-3,Male,1.9,2,51,0,10078423
775,45,34,Bachelor,Sales Executive,Education,Tier-2,Female,4.4,0,38,0,10300665
776,24,7,PhD,Software Engineer,Manufacturing,Metro,Male,4.3,7,46,1,8991440
777,30,15,Bachelor,HR,IT,Tier-3,Female,2.8,0,47,1,4957264
778,23,29,Bachelor,Sales Executive,Education,Tier-2,Female,3.0,4,63,1,9352332
779,38,17,PhD,HR,IT,Tier-3,Female,1.9,8,61,0,9357954
780,56,1,PhD,HR,IT,Metro,Female,1.3,6,63,0,3967190
781,42,12,Bachelor,Software Engineer,Manufacturing,Tier-2,Male,3.3,3,38,1,6029393
782,54,3,PhD,Manager,IT,Tier-2,Female,1.4,8,44,1,6922651
783,28,25,Bachelor,Sales Executive,Finance,Tier-3,Female,2.8,8,59,0,8701882
784,39,24,Master,Software Engineer,Finance,Tier-3,Male,4.8,1,37,0,11937165
785,57,29,PhD,HR,Healthcare,Tier-3,Male,4.8,9,49,0,12105426
786,26,10,Master,Software Engineer,Manufacturing,Tier-2,Female,2.0,9,36,0,6311329
787,46,6,High School,Manager,Healthcare,Tier-2,Male,3.5,5,59,1,4366052
788,54,30,Master,Sales Executive,Finance,Metro,Male,2.9,3,59,0,19810075
789,26,9,Master,Manager,Healthcare,Tier-2,Male,4.5,7,51,0,9530038
790,57,12,Bachelor,Data Analyst,Manufacturing,Metro,Female,2.1,6,40,0,6558453
791,53,30,Master,Sales Executive,Manufacturing,Tier-3,Male,1.0,6,60,0,9008503
792,42,6,PhD,Manager,IT,Tier-3,Female,1.7,9,42,0,7598631
793,41,19,Bachelor,HR,Education,Tier-2,Female,2.4,8,37,0,5607356
794,26,3,High School,Sales Executive,IT,Tier-3,Female,2.3,4,61,0,1911245
795,26,6,PhD,Sales Executive,Manufacturing,Tier-3,Female,4.2,5,59,1,4089440
796,24,0,High School,Software Engineer,Finance,Tier-2,Male,3.7,0,52,1,1706659
797,50,12,Master,HR,Finance,Metro,Female,2.2,5,56,1,8530852
798,31,21,PhD,Data Analyst,IT,Tier-2,Male,2.8,1,35,0,16002619
799,50,20,PhD,Manager,Manufacturing,Metro,Female,1.4,5,63,1,21034653
800,51,21,High School,Software Engineer,Finance,Tier-2,Male,4.6,8,50,0,9513171
801,44,27,PhD,Manager,Manufacturing,Tier-2,Female,4.7,7,41,0,22867245
802,29,8,PhD,Data Analyst,Finance,Tier-3,Male,4.9,8,37,0,6302717
803,23,25,PhD,Data Analyst,Manufacturing,Tier-2,Female,4.5,9,57,0,15618019
804,51,8,Master,Sales Executive,Healthcare,Tier-2,Female,1.7,7,38,1,5011566
805,57,14,High School,Data Analyst,Manufacturing,Metro,Male,1.2,2,43,0,5543355
806,56,9,PhD,Manager,Manufacturing,Tier-3,Female,3.3,7,39,0,7419053
807,44,23,Bachelor,HR,IT,Metro,Female,4.7,5,53,1,13368846
808,51,7,Bachelor,HR,Healthcare,Metro,Female,1.7,5,49,1,4129346
809,26,23,Bachelor,Sales Executive,Education,Tier-3,Male,1.0,5,42,1,5386924
810,22,15,Bachelor,Manager,IT,Tier-3,Female,4.2,2,40,0,8881861
811,40,25,Master,Manager,Education,Tier-3,Female,1.3,9,52,1,11399213
812,48,26,PhD,Data Analyst,Finance,Tier-2,Male,2.7,0,53,0,18229661
813,31,3,High School,Manager,Education,Tier-3,Male,3.7,3,58,0,1934811
814,24,23,PhD,Software Engineer,Manufacturing,Tier-3,Male,1.9,9,49,1,11676567
815,35,18,Master,Data Analyst,Education,Tier-3,Male,1.3,5,60,1,5954361
816,26,9,Bachelor,Software Engineer,IT,Metro,Male,4.1,9,41,1,9299256
817,50,24,Master,Sales Executive,IT,Metro,Female,3.5,1,44,0,16837855
818,58,17,PhD,HR,Education,Tier-2,Female,5.0,6,40,0,8830988
819,22,18,High School,Sales Executive,IT,Metro,Female,2.4,6,48,0,8841840
820,35,9,Master,HR,IT,Tier-2,Male,1.2,3,51,0,5726327
821,31,32,High School,Sales Executive,Education,Metro,Female,3.9,3,43,0,9730466
822,28,4,Master,Manager,Healthcare,Tier-3,Male,3.1,0,53,0,3721456
823,46,34,High School,Software Engineer,Healthcare,Metro,Male,1.9,1,64,1,14328389
824,25,33,High School,HR,Finance,Tier-2,Female,4.1,8,39,0,10265615
825,26,32,Bachelor,Data Analyst,IT,Metro,Male,1.8,9,57,1,19863830
826,46,20,High School,Software Engineer,Education,Tier-3,Male,2.0,7,41,1,4364219
827,24,16,Bachelor,Data Analyst,IT,Tier-2,Female,1.4,7,53,1,8440840
828,39,21,PhD,Software Engineer,Manufacturing,Tier-3,Male,2.6,8,54,1,11248704
829,40,14,PhD,Software Engineer,IT,Tier-3,Male,2.7,6,60,1,10768834
830,53,34,Bachelor,Sales Executive,IT,Tier-2,Female,3.1,8,41,0,15256880
831,40,27,Bachelor,HR,Healthcare,Tier-3,Male,3.8,9,58,0,7220362
832,32,6,Master,HR,Education,Tier-3,Male,4.6,1,36,0,2374481
833,21,31,Master,Software Engineer,IT,Metro,Female,1.6,5,59,0,26012236
834,46,10,Master,Manager,Healthcare,Tier-3,Female,1.2,2,57,1,6420128
835,34,9,PhD,Manager,Finance,Tier-3,Female,1.1,5,50,1,8328834
836,58,8,Master,Data Analyst,Healthcare,Tier-3,Female,1.6,2,47,1,3589665
837,57,13,High School,Data Analyst,Healthcare,Tier-3,Male,3.6,7,42,0,3745865
838,31,12,High School,Sales Executive,Healthcare,Tier-2,Male,3.9,3,40,0,4255107
839,56,24,Master,Software Engineer,IT,Metro,Female,4.1,9,40,0,22463035
840,33,1,High School,Data Analyst,IT,Tier-3,Male,2.0,5,43,0,1410963
841,23,34,PhD,Data Analyst,Finance,Tier-3,Male,2.2,8,38,1,17467253
842,53,6,High School,Software Engineer,Manufacturing,Tier-2,Female,2.9,1,61,1,2909047
843,26,20,PhD,Sales Executive,Manufacturing,Tier-3,Female,1.3,1,45,0,7848586
844,30,17,Bachelor,Data Analyst,Manufacturing,Tier-2,Male,3.4,6,39,0,6884357
845,25,2,Bachelor,Sales Executive,Finance,Metro,Female,4.9,1,59,1,3619214
846,43,10,Bachelor,HR,Manufacturing,Metro,Female,2.4,1,51,1,4754790
847,30,23,Bachelor,Sales Executive,Manufacturing,Tier-3,Female,4.0,3,54,1,6369087
848,22,18,High School,Manager,Healthcare,Tier-3,Male,3.0,8,41,1,6297047
849,33,3,Master,Manager,IT,Tier-3,Female,1.5,7,61,0,4530891
850,22,25,High School,Sales Executive,IT,Tier-2,Male,3.3,1,49,1,8785805
851,40,31,PhD,Manager,Healthcare,Tier-3,Male,2.2,7,59,1,20538998
852,21,32,High School,HR,Healthcare,Tier-3,Male,1.1,3,49,1,6080731
853,57,2,High School,Software Engineer,Healthcare,Metro,Female,3.5,1,48,1,2690387
854,29,8,PhD,Manager,IT,Tier-3,Female,4.4,9,47,0,10409738
855,37,7,Bachelor,Manager,Manufacturing,Metro,Female,2.4,6,45,0,6786745
856,29,32,Bachelor,Sales Executive,Healthcare,Tier-3,Female,2.6,5,62,0,9080786
857,31,5,Bachelor,HR,Finance,Metro,Female,4.6,9,47,0,5055986
858,35,3,Master,Software Engineer,Healthcare,Tier-3,Male,4.3,4,60,0,3311528
859,44,12,PhD,Sales Executive,Education,Metro,Male,3.9,0,56,0,8848202
860,58,1,PhD,Sales Executive,Healthcare,Tier-2,Male,2.0,1,62,1,2604252
861,55,4,High School,HR,IT,Metro,Female,4.6,7,58,1,3735080
862,50,26,Master,Software Engineer,Healthcare,Metro,Male,1.6,0,63,1,17847219
863,51,31,Bachelor,HR,Education,Metro,Male,3.5,2,43,1,10972845
864,25,20,Master,Software Engineer,Finance,Tier-3,Female,1.1,1,44,0,9317158
865,34,7,PhD,HR,Manufacturing,Tier-3,Female,3.6,4,38,1,3869025
866,31,7,PhD,Sales Executive,Healthcare,Tier-3,Male,2.1,3,51,0,4078475
867,29,2,High School,Sales Executive,Education,Tier-2,Male,2.8,6,48,1,1772770
868,54,2,High School,Data Analyst,Education,Tier-2,Female,2.4,4,58,1,1275232
869,32,21,PhD,Manager,Finance,Metro,Female,1.7,7,52,1,27735483
870,55,5,Bachelor,HR,IT,Tier-2,Female,3.5,3,45,0,3539231
871,55,1,Bachelor,Data Analyst,Healthcare,Metro,Female,4.5,5,50,1,3205002
872,21,22,Master,Manager,Education,Metro,Male,4.8,3,35,0,17346640
873,42,1,PhD,HR,Finance,Metro,Male,1.8,1,63,0,3308170
874,49,16,PhD,Software Engineer,Manufacturing,Tier-2,Female,3.9,0,41,1,11060606
875,28,34,Bachelor,Manager,Education,Tier-3,Male,3.7,0,62,0,11888222
876,31,33,Bachelor,Sales Executive,Finance,Tier-2,Male,2.4,7,44,0,13880349
877,57,22,PhD,Data Analyst,IT,Metro,Female,1.1,3,43,1,20076344
878,34,29,High School,Manager,IT,Metro,Male,3.8,4,61,1,20027418
879,50,7,PhD,Manager,Education,Tier-2,Male,4.8,7,62,1,9098657
880,55,21,PhD,Sales Executive,Education,Metro,Male,3.5,6,62,1,13838051
881,41,4,Bachelor,HR,Healthcare,Metro,Female,2.7,7,59,1,3787775
882,57,12,Bachelor,Software Engineer,Finance,Tier-2,Female,3.1,7,37,1,7851302
883,25,28,High School,Sales Executive,Education,Tier-2,Male,1.8,5,56,0,6472131
884,39,30,High School,Software Engineer,Healthcare,Tier-2,Female,4.0,9,57,1,10917424
885,34,15,Master,HR,Healthcare,Metro,Female,4.0,1,48,1,8586573
886,46,29,PhD,Manager,Education,Metro,Female,1.6,5,60,0,26500411
887,24,15,Bachelor,Software Engineer,IT,Tier-3,Male,4.5,0,59,1,7468174
888,45,11,High School,Data Analyst,Finance,Tier-3,Male,2.1,0,49,0,3213285
889,45,16,Master,Data Analyst,Finance,Tier-2,Female,4.9,2,36,1,10318463
890,38,15,Master,Sales Executive,IT,Tier-3,Male,2.5,2,58,1,6780417
891,28,11,Bachelor,HR,Education,Metro,Male,1.7,4,48,0,4742600
892,59,7,Bachelor,Sales Executive,Finance,Tier-3,Male,2.4,0,50,1,2841616
893,34,19,Master,Sales Executive,Education,Metro,Male,2.8,9,41,0,10071313
894,52,2,High School,Sales Executive,Education,Tier-2,Male,1.3,5,38,1,1116912
895,58,15,Master,Data Analyst,Healthcare,Tier-2,Female,3.3,6,52,1,8454413
896,53,29,PhD,Data Analyst,IT,Metro,Male,3.4,9,58,0,28501277
897,43,22,PhD,Sales Executive,Education,Tier-3,Male,4.0,2,61,1,8677979
898,35,27,Bachelor,Data Analyst,Manufacturing,Tier-2,Male,1.1,3,39,1,9489487
899,53,4,High School,HR,IT,Tier-2,Female,3.2,9,40,0,2832451
900,45,19,High School,Sales Executive,Finance,Tier-3,Female,1.2,9,64,1,5175053
901,37,0,PhD,Data Analyst,Healthcare,Tier-3,Female,3.8,9,61,0,2753632
902,53,29,Master,Software Engineer,Finance,Metro,Male,1.2,9,41,1,22815658
903,22,20,Bachelor,Sales Executive,Finance,Tier-3,Female,4.6,9,49,0,7346941
904,34,19,Master,Sales Executive,IT,Tier-3,Female,3.8,2,60,1,8783809
905,59,5,Master,HR,Finance,Tier-3,Female,3.0,0,35,0,2923846
906,26,21,Master,Manager,Education,Metro,Female,2.8,7,58,0,17046563
907,26,17,High School,Manager,Finance,Metro,Male,1.5,9,38,1,11817909
908,23,7,PhD,HR,Healthcare,Tier-2,Female,2.2,9,63,1,5915294
909,27,31,High School,HR,Healthcare,Metro,Female,4.5,1,59,0,10189304
910,28,32,PhD,HR,Manufacturing,Tier-2,Male,4.6,0,35,1,15165216
911,35,15,Bachelor,Manager,Healthcare,Tier-3,Male,1.0,7,45,0,6971193
912,49,11,Bachelor,HR,Finance,Tier-2,Female,3.4,6,52,1,5480742
913,53,33,Master,Data Analyst,Healthcare,Tier-2,Male,3.9,6,48,1,16233234
914,50,13,PhD,Sales Executive,IT,Tier-3,Female,3.5,3,56,0,8187214
915,59,32,PhD,Sales Executive,Healthcare,Tier-2,Male,1.3,8,45,0,17961506
916,47,22,PhD,Software Engineer,Education,Metro,Male,1.9,5,44,1,16251248
917,56,1,Master,Software Engineer,IT,Metro,Female,2.0,1,61,1,3928712
918,49,20,Master,Sales Executive,Manufacturing,Metro,Male,4.3,0,64,1,11331096
919,58,1,Bachelor,Data Analyst,Education,Metro,Female,2.9,0,51,1,1617009
920,53,26,High School,Manager,Finance,Tier-2,Male,2.9,8,38,1,13648191
921,57,8,PhD,Manager,Finance,Tier-2,Female,4.7,3,58,0,12356984
922,47,0,PhD,Data Analyst,Finance,Tier-3,Male,3.5,4,49,1,2550677
923,53,10,High School,Manager,Education,Tier-2,Male,4.6,2,60,1,5183625
924,24,2,PhD,HR,Education,Tier-2,Male,2.8,3,50,0,2808528
925,42,22,Master,Sales Executive,Education,Tier-2,Male,1.6,7,55,0,8919149
926,22,25,Master,Sales Executive,IT,Tier-3,Male,4.7,3,47,0,11016835
927,30,3,PhD,Data Analyst,IT,Metro,Female,2.8,8,43,1,6764718
928,25,17,Master,Manager,Finance,Tier-2,Male,1.7,8,45,0,15168280
929,30,5,Master,Software Engineer,Healthcare,Tier-3,Female,2.2,5,45,0,3255688
930,53,34,PhD,Software Engineer,Finance,Tier-3,Female,1.2,1,40,0,18914536
931,58,21,Bachelor,Manager,Manufacturing,Tier-3,Female,2.9,9,35,0,8804471
932,33,14,High School,Software Engineer,IT,Metro,Male,4.4,6,56,1,9138392
933,51,21,Master,Data Analyst,Education,Tier-2,Female,4.7,8,40,1,9766324
934,56,11,Bachelor,Data Analyst,IT,Tier-3,Male,4.7,5,47,1,5105445
935,44,17,Master,Manager,Education,Metro,Female,1.5,2,56,0,13155158
936,35,34,Master,Software Engineer,Manufacturing,Tier-3,Female,2.5,6,58,0,13179649
937,49,29,High School,Data Analyst,Manufacturing,Tier-3,Female,1.1,4,56,0,5897844
938,28,23,Master,Data Analyst,IT,Tier-3,Female,4.4,0,39,0,10918626
939,25,29,High School,HR,Education,Tier-3,Female,2.4,2,49,0,4493720
940,49,13,High School,HR,Manufacturing,Tier-3,Male,3.5,4,61,0,3088209
941,24,5,High School,Data Analyst,Finance,Metro,Female,3.9,6,52,1,4265570
942,32,2,Bachelor,Manager,Finance,Tier-2,Female,2.7,2,54,1,3374275
943,22,15,PhD,Sales Executive,Education,Tier-2,Male,2.2,5,48,0,8440931
944,47,6,Bachelor,Sales Executive,IT,Tier-2,Male,4.8,4,49,1,4692153
945,51,13,PhD,Data Analyst,Manufacturing,Tier-2,Male,4.9,0,60,0,8948441
946,56,8,PhD,Data Analyst,IT,Metro,Female,2.2,9,39,0,10245256
947,56,14,High School,Data Analyst,Finance,Metro,Female,2.9,5,60,1,7328547
948,46,20,Master,Manager,Manufacturing,Metro,Female,4.9,7,38,0,18165208
949,47,34,High School,HR,IT,Tier-3,Female,1.0,0,36,1,7514916
950,25,1,Master,Data Analyst,Healthcare,Tier-3,Female,2.7,1,41,0,1438703
951,40,26,PhD,Data Analyst,Education,Tier-3,Female,1.4,3,44,0,9871827
952,31,1,High School,Software Engineer,Education,Tier-2,Male,3.0,1,50,1,1282975
953,30,34,Master,Manager,Healthcare,Tier-3,Male,1.1,8,44,0,16887227
954,58,17,Bachelor,Data Analyst,Finance,Tier-2,Female,2.6,9,52,0,8930903
955,26,13,Master,Software Engineer,Manufacturing,Tier-3,Female,1.9,7,51,0,5567079
956,28,19,High School,Sales Executive,Education,Tier-2,Female,3.1,7,64,1,5240533
957,43,17,Bachelor,Data Analyst,Healthcare,Tier-3,Female,5.0,3,55,0,5794130
958,46,9,Master,Data Analyst,Healthcare,Tier-3,Female,4.2,4,62,0,4810084
959,32,24,Master,Software Engineer,Finance,Metro,Male,4.4,3,47,0,20599031
960,46,1,Master,Manager,Finance,Tier-3,Male,3.5,8,35,1,3205687
961,33,24,Master,Data Analyst,IT,Tier-3,Female,1.2,1,35,1,10403694
962,38,32,Master,Sales Executive,Education,Metro,Male,1.8,7,49,1,15049519
963,45,30,Bachelor,Data Analyst,IT,Tier-2,Female,4.7,1,35,1,14855593
964,53,13,PhD,Sales Executive,Healthcare,Metro,Female,2.5,0,40,1,9882427
965,32,0,Bachelor,HR,Manufacturing,Metro,Female,1.4,9,59,0,1648582
966,56,15,Bachelor,HR,Manufacturing,Tier-2,Male,3.8,2,60,1,5615751
967,24,2,Bachelor,Sales Executive,Finance,Tier-3,Male,2.2,8,47,1,1876188
968,25,34,PhD,Manager,Manufacturing,Tier-2,Female,2.1,2,61,0,26387062
969,57,5,High School,Data Analyst,Manufacturing,Tier-3,Male,5.0,8,62,1,2211444
970,28,24,PhD,Data Analyst,Manufacturing,Tier-3,Male,4.4,6,35,0,10749677
971,48,12,Bachelor,HR,Healthcare,Tier-2,Female,2.6,9,39,1,5234011
972,51,33,Master,Sales Executive,Manufacturing,Metro,Male,4.9,0,43,0,16808734
973,29,7,Master,Data Analyst,Manufacturing,Tier-2,Male,3.6,9,64,0,5399890
974,49,20,Bachelor,Data Analyst,Manufacturing,Tier-3,Female,4.0,4,59,1,6216579
975,34,33,Master,Manager,IT,Tier-2,Female,1.1,8,51,1,27695449
976,42,3,Bachelor,Software Engineer,Healthcare,Tier-2,Male,1.5,2,50,0,2727423
977,31,24,Master,HR,Finance,Tier-3,Female,3.5,8,42,0,9242288
978,43,14,PhD,HR,IT,Metro,Male,4.6,4,51,0,13813597
979,21,3,High School,Software Engineer,Education,Tier-2,Female,3.5,8,49,0,2380369
980,57,11,High School,Data Analyst,Healthcare,Tier-3,Female,1.5,9,58,0,3217187
981,41,31,PhD,Manager,Healthcare,Tier-3,Female,1.5,5,35,0,19316638
982,46,31,PhD,Manager,Education,Tier-2,Female,4.4,8,46,0,23847981
983,56,27,Bachelor,HR,Education,Metro,Male,1.6,6,39,1,9459382
984,43,12,Bachelor,Manager,Education,Tier-2,Female,3.1,6,58,0,7211619
985,21,30,Bachelor,Software Engineer,Finance,Metro,Female,1.1,7,40,1,18935640
986,35,13,Master,Data Analyst,Manufacturing,Metro,Female,1.3,6,59,1,8706448
987,41,19,Bachelor,Software Engineer,Healthcare,Metro,Male,3.7,8,35,0,11486103
988,29,17,PhD,Sales Executive,Manufacturing,Metro,Male,3.8,8,59,0,13345859
989,29,28,High School,HR,Manufacturing,Tier-2,Female,2.4,5,35,1,6661396
990,30,5,Master,Manager,Education,Tier-3,Female,1.9,6,44,0,3302365
991,46,31,Bachelor,Sales Executive,Finance,Tier-3,Female,4.3,1,44,0,9877442
992,55,28,Master,Manager,IT,Tier-3,Female,1.9,8,37,1,18028738
993,45,1,Master,Data Analyst,Finance,Tier-3,Female,3.2,0,51,1,1996589
994,46,22,Bachelor,Data Analyst,Manufacturing,Tier-3,Female,4.9,0,53,1,6082808
995,31,18,Master,Data Analyst,Finance,Tier-3,Male,1.6,2,62,0,8212510
996,58,30,High School,Manager,Education,Tier-2,Female,4.8,5,45,0,11331099
997,22,4,PhD,Sales Executive,IT,Metro,Female,1.7,4,63,1,6536425
998,27,18,PhD,Data Analyst,Education,Tier-3,Female,3.3,1,52,0,7620509
999,38,33,High School,Sales Executive,IT,Tier-2,Female,2.5,8,36,1,11200335
1000,47,9,Master,Manager,Manufacturing,Tier-3,Female,4.9,9,43,0,6706940
